,index,parent_protein,name,sequence,exp_aggregation,tango_pred,pH,dataset,data_split
0,0,t-Protein,K19,PGGGKVQIVYKPV,1,2,,cleaned_S1_41587_2004_BFnbt1012_MOESM2_ESM,test
1,1,t-Protein,K19d,PGGGKVYKPV,0,0,,cleaned_S1_41587_2004_BFnbt1012_MOESM2_ESM,test
2,2,t-Protein,Mut1,PGGGKNAEVYKPV,0,0,,cleaned_S1_41587_2004_BFnbt1012_MOESM2_ESM,test
3,3,t-Protein,Mut2,PGGGKVQIVEKPV,0,0,,cleaned_S1_41587_2004_BFnbt1012_MOESM2_ESM,test
4,4,t-Protein,K19Chym,QTAPVPMPDLKNVKSKIGSTENLKHQPGGGKVQIVY,0,0,,cleaned_S1_41587_2004_BFnbt1012_MOESM2_ESM,test
5,5,t-Protein,K19Chym1,KPVDLSKVTSKCGSLGNIHHKPGGGQVEVKSEKLDF,0,0,,cleaned_S1_41587_2004_BFnbt1012_MOESM2_ESM,test
6,6,t-Protein,K19Chym2,KDRVQSKIGSLDNITHVPGGGN,0,0,,cleaned_S1_41587_2004_BFnbt1012_MOESM2_ESM,test
7,7,t-Protein,K19Gluc4,QTAPVPMPDLKNVKSKIGSTE,0,0,,cleaned_S1_41587_2004_BFnbt1012_MOESM2_ESM,test
8,8,t-Protein,K19Gluc41,NLKHQPGGGKVQIVYKPVDLSKVTSKCGSLGNIHHKPGGGQVE,1,2,,cleaned_S1_41587_2004_BFnbt1012_MOESM2_ESM,test
9,9,t-Protein,K19Gluc42,VKSE,0,0,,cleaned_S1_41587_2004_BFnbt1012_MOESM2_ESM,test
10,10,t-Protein,K19Gluc43,KLDFKDRVQSKIGSLDNITHVPGGGN,0,0,,cleaned_S1_41587_2004_BFnbt1012_MOESM2_ESM,test
11,11,t-Protein,K19Gluc78,QTAPVPMPD,0,0,,cleaned_S1_41587_2004_BFnbt1012_MOESM2_ESM,test
12,12,t-Protein,K19Gluc781,LKNVKSKIGSTE,0,0,,cleaned_S1_41587_2004_BFnbt1012_MOESM2_ESM,test
13,13,t-Protein,K19Gluc782,NLKHQPGGGKVQIVYKEVD,1,2,,cleaned_S1_41587_2004_BFnbt1012_MOESM2_ESM,test
14,14,t-Protein,K19Gluc783,LSKVTSKCGSLGNIHHKPGGGQVE,0,0,,cleaned_S1_41587_2004_BFnbt1012_MOESM2_ESM,test
15,15,t-Protein,K19Gluc784,VKSEKLDFKDRVQSKIGSLDNITHVPGGGN,0,0,,cleaned_S1_41587_2004_BFnbt1012_MOESM2_ESM,test
16,16,t-Protein,PHF8,GKVQIVYK,1,2,,cleaned_S1_41587_2004_BFnbt1012_MOESM2_ESM,test
17,17,t-Protein,PHF6,VQIVYK,1,1,,cleaned_S1_41587_2004_BFnbt1012_MOESM2_ESM,test
18,18,t-Protein,V313-K321,VDLSKVTSK,0,0,,cleaned_S1_41587_2004_BFnbt1012_MOESM2_ESM,test
19,19,t-Protein,V318-G335,VTSKCGSLGNIHHKPGGG,0,0,,cleaned_S1_41587_2004_BFnbt1012_MOESM2_ESM,test
20,20,t-Protein,V335-E342,GQVEVSKE,0,0,,cleaned_S1_41587_2004_BFnbt1012_MOESM2_ESM,test
21,21,Amyloid beta A4 peptide,Whole,DAEFRHDSGYEVHHQKLVFFAEDVGSNKGAIIGLMVGGVV,1,2,,cleaned_S1_41587_2004_BFnbt1012_MOESM2_ESM,test
22,22,Amyloid beta A4 peptide,HABP1,VPHQKLVFFAEDVGS,1,2,,cleaned_S1_41587_2004_BFnbt1012_MOESM2_ESM,test
23,23,Amyloid beta A4 peptide,HABP2,VHPQKLVFFAEDVGS,1,2,,cleaned_S1_41587_2004_BFnbt1012_MOESM2_ESM,test
24,24,Amyloid beta A4 peptide,HABP3,VHHPKLVFFAEDVGS,1,2,,cleaned_S1_41587_2004_BFnbt1012_MOESM2_ESM,test
25,25,Amyloid beta A4 peptide,HABP4,VHHQPLVFFAEDVGS,1,2,,cleaned_S1_41587_2004_BFnbt1012_MOESM2_ESM,test
26,26,Amyloid beta A4 peptide,HABP5,KKPVFFAED,0,2,,cleaned_S1_41587_2004_BFnbt1012_MOESM2_ESM,test
27,27,Amyloid beta A4 peptide,HABP6,KKLPFFAED,0,0,,cleaned_S1_41587_2004_BFnbt1012_MOESM2_ESM,test
28,28,Amyloid beta A4 peptide,HABP7,KKLVPFAED,0,0,,cleaned_S1_41587_2004_BFnbt1012_MOESM2_ESM,test
29,29,Amyloid beta A4 peptide,HABP8,VHHQKLVPFAEDVGS,0,0,,cleaned_S1_41587_2004_BFnbt1012_MOESM2_ESM,test
30,30,Amyloid beta A4 peptide,HABP9,KKLVFPAED,0,0,,cleaned_S1_41587_2004_BFnbt1012_MOESM2_ESM,test
31,31,Amyloid beta A4 peptide,HABP10,KKLVFFPED,1,2,,cleaned_S1_41587_2004_BFnbt1012_MOESM2_ESM,test
32,32,Amyloid beta A4 peptide,HABP11,VHHQEKLVFFAPDVGS,0,2,,cleaned_S1_41587_2004_BFnbt1012_MOESM2_ESM,test
33,33,Amyloid beta A4 peptide,HABP12,VHHQEKLVFFAEPVGS,1,2,,cleaned_S1_41587_2004_BFnbt1012_MOESM2_ESM,test
34,34,Amyloid beta A4 peptide,HABP13,VHHQEKLVFFAEDPGS,1,2,,cleaned_S1_41587_2004_BFnbt1012_MOESM2_ESM,test
35,35,Amyloid beta A4 peptide,HABP14,VHHQEKLVFFAEDVPS,1,2,,cleaned_S1_41587_2004_BFnbt1012_MOESM2_ESM,test
36,36,Amyloid beta A4 peptide,HABP15,KKLVFFAED,1,2,,cleaned_S1_41587_2004_BFnbt1012_MOESM2_ESM,test
37,37,Amyloid beta A4 peptide,HABP16,VHHQKLVFFAEDVGS,1,2,,cleaned_S1_41587_2004_BFnbt1012_MOESM2_ESM,test
38,38,Amyloid beta A4 peptide,AB1,KLVFF,0,0,,cleaned_S1_41587_2004_BFnbt1012_MOESM2_ESM,test
39,39,Amyloid beta A4 peptide,AB2,QKLVFFA,0,0,,cleaned_S1_41587_2004_BFnbt1012_MOESM2_ESM,test
40,40,Amyloid beta A4 peptide,AB3,HQKLVFFAE,0,2,,cleaned_S1_41587_2004_BFnbt1012_MOESM2_ESM,test
41,41,Amyloid beta A4 peptide,AB4,HHQKLVFFAED,1,2,,cleaned_S1_41587_2004_BFnbt1012_MOESM2_ESM,test
42,42,Amyloid beta A4 peptide,AB5,VHHQKLVFFAEDV,1,2,,cleaned_S1_41587_2004_BFnbt1012_MOESM2_ESM,test
43,43,Amyloid beta A4 peptide,AB6,EVHHQKLVFFAEDVG,1,2,,cleaned_S1_41587_2004_BFnbt1012_MOESM2_ESM,test
44,44,Amyloid beta A4 peptide,AB7,YEVHHQKLVFFAEDVGS,1,2,,cleaned_S1_41587_2004_BFnbt1012_MOESM2_ESM,test
45,45,Amyloid beta A4 peptide,AB8,GYEVHHQKLVFFAEDVGSN,1,2,,cleaned_S1_41587_2004_BFnbt1012_MOESM2_ESM,test
46,46,Amyloid beta A4 peptide,AB9,SGYEVHHQKLVFFAEDVGSNK,1,2,,cleaned_S1_41587_2004_BFnbt1012_MOESM2_ESM,test
47,47,Amyloid beta A4 peptide,AB10,DSGYEVHHQKLVFFAEDVGSNKG,1,2,,cleaned_S1_41587_2004_BFnbt1012_MOESM2_ESM,test
48,48,Amyloid beta A4 peptide,AB11,HDSGYEVHHQKLVFFAEDVGSNKGA,1,2,,cleaned_S1_41587_2004_BFnbt1012_MOESM2_ESM,test
49,49,Alpha synuclein,NAC1-18,EQVTNVGGAVVTGVTAVA,1,2,,cleaned_S1_41587_2004_BFnbt1012_MOESM2_ESM,test
50,50,Alpha synuclein,NAC1-18s,TVNGVGEVTATAVQGVAV,1,1,,cleaned_S1_41587_2004_BFnbt1012_MOESM2_ESM,test
51,51,Alpha synuclein,NAC3-18,VTNVGGAVVTGVTAVA,1,2,,cleaned_S1_41587_2004_BFnbt1012_MOESM2_ESM,test
52,52,Alpha synuclein,NAC1-13,EQVTNVGGAVVTG,1,1,,cleaned_S1_41587_2004_BFnbt1012_MOESM2_ESM,test
53,53,Alpha synuclein,NAC6-14,VGGAVVTGV,1,1,,cleaned_S1_41587_2004_BFnbt1012_MOESM2_ESM,test
54,54,Acyl Phosphatase,1-17,STAQSLKSVDYEVFGRV,0,0,,cleaned_S1_41587_2004_BFnbt1012_MOESM2_ESM,test
55,55,Acyl Phosphatase,18-33,QGVSFRMYTEDEARKI,0,0,,cleaned_S1_41587_2004_BFnbt1012_MOESM2_ESM,test
56,56,Acyl Phosphatase,34-53,GVVGWVKNTSKGTVTGQVQG,1,2,,cleaned_S1_41587_2004_BFnbt1012_MOESM2_ESM,test
57,57,Acyl Phosphatase,54-68,PEDKVNSMKSWLSKV,0,0,,cleaned_S1_41587_2004_BFnbt1012_MOESM2_ESM,test
58,58,Acyl Phosphatase,69-85,GSPSSRIDRTNFSNEKT,0,0,,cleaned_S1_41587_2004_BFnbt1012_MOESM2_ESM,test
59,59,Acyl Phosphatase,86-98,ISKLEYSNFSVRY,1,0,,cleaned_S1_41587_2004_BFnbt1012_MOESM2_ESM,test
60,60,B-microglobulin,A,IQRTPKIQVYSRHPAE,0,0,,cleaned_S1_41587_2004_BFnbt1012_MOESM2_ESM,test
61,61,B-microglobulin,B,NGKSNFLNCYVSG,0,1,,cleaned_S1_41587_2004_BFnbt1012_MOESM2_ESM,test
62,62,B-microglobulin,C,FHPSDIEVDLLK,0,0,,cleaned_S1_41587_2004_BFnbt1012_MOESM2_ESM,test
63,63,B-microglobulin,D,NGERIEKVEHSDLSFSKD,0,0,,cleaned_S1_41587_2004_BFnbt1012_MOESM2_ESM,test
64,64,B-microglobulin,E,DWSFYLLYYTEFT,1,2,,cleaned_S1_41587_2004_BFnbt1012_MOESM2_ESM,test
65,65,B-microglobulin,E1,DWSFYLLYYTEFTPTGKDEYA,1,2,,cleaned_S1_41587_2004_BFnbt1012_MOESM2_ESM,test
66,66,B-microglobulin,F,PTGKDEYACRVNHVT,0,0,,cleaned_S1_41587_2004_BFnbt1012_MOESM2_ESM,test
67,67,B-microglobulin,G,LSQPKIVKWDRDM,0,0,,cleaned_S1_41587_2004_BFnbt1012_MOESM2_ESM,test
68,68,434 Cro repressor,1Cro,MQTLSERLKKRRIALKY,0,0,,cleaned_S1_41587_2004_BFnbt1012_MOESM2_ESM,test
69,69,435 Cro repressor,2Cro,YKMTQTELATKAGVK,0,0,,cleaned_S1_41587_2004_BFnbt1012_MOESM2_ESM,test
70,70,436 Cro repressor,3Cro,YKQQSIQLIEAGVTKR,0,1,,cleaned_S1_41587_2004_BFnbt1012_MOESM2_ESM,test
71,71,437 Cro repressor,4Cro,TKRPRFLYEIAMALNSD,1,2,,cleaned_S1_41587_2004_BFnbt1012_MOESM2_ESM,test
72,72,438 Cro repressor,5Cro,AMALNCDPVWLQYGTKRGKA,0,2,,cleaned_S1_41587_2004_BFnbt1012_MOESM2_ESM,test
73,73,Sperm whale myoglobin,A-Helix,VLSEGEWQLVLHVWAKVEA,1,2,,cleaned_S1_41587_2004_BFnbt1012_MOESM2_ESM,test
74,74,Sperm whale myoglobin,AB-Domain,EGEWQLVLHVWAKVEADVAGHGQDILIRLFK,1,2,,cleaned_S1_41587_2004_BFnbt1012_MOESM2_ESM,test
75,75,Sperm whale myoglobin,B-Helix,DVAGHGQDILIRLFKS,1,1,,cleaned_S1_41587_2004_BFnbt1012_MOESM2_ESM,test
76,76,Sperm whale myoglobin,BC-Turn,KSHPET,0,0,,cleaned_S1_41587_2004_BFnbt1012_MOESM2_ESM,test
77,77,Sperm whale myoglobin,CCD-Domain,HPETLEKFDRFKHLK,0,0,,cleaned_S1_41587_2004_BFnbt1012_MOESM2_ESM,test
78,78,Sperm whale myoglobin,D-Helix,TEAEMKA,0,0,,cleaned_S1_41587_2004_BFnbt1012_MOESM2_ESM,test
79,79,Sperm whale myoglobin,E-Helix,SEDLKKHGVTVLTALGAILK,0,2,,cleaned_S1_41587_2004_BFnbt1012_MOESM2_ESM,test
80,80,Sperm whale myoglobin,EF-Turn,KKGHHEAE,0,0,,cleaned_S1_41587_2004_BFnbt1012_MOESM2_ESM,test
81,81,Sperm whale myoglobin,F-helix,ELKPLAQSHA,0,0,,cleaned_S1_41587_2004_BFnbt1012_MOESM2_ESM,test
82,82,Sperm whale myoglobin,FG-Turn,ATKHKIP,0,0,,cleaned_S1_41587_2004_BFnbt1012_MOESM2_ESM,test
83,83,Myohemerithrin,N-terminal,GWEIPEPYVWDESFRVFY,0,0,,cleaned_S1_41587_2004_BFnbt1012_MOESM2_ESM,test
84,84,Myohemerithrin,C-terminal,GTDFKYKGKL,0,0,,cleaned_S1_41587_2004_BFnbt1012_MOESM2_ESM,test
85,85,Myohemerithrin,A-helix,YEQLDEEHKKIFKGIFDCIRD,0,1,,cleaned_S1_41587_2004_BFnbt1012_MOESM2_ESM,test
86,86,Myohemerithrin,AB-loop,RDNSA,0,0,,cleaned_S1_41587_2004_BFnbt1012_MOESM2_ESM,test
87,87,Myohemerithrin,B-helix,SAPNLATLVKVTTNHFTHEEAMMD,1,2,,cleaned_S1_41587_2004_BFnbt1012_MOESM2_ESM,test
88,88,Myohemerithrin,BC-loop,DAAKYSEV,0,0,,cleaned_S1_41587_2004_BFnbt1012_MOESM2_ESM,test
89,89,Myohemerithrin,C-Helix,EVVPHKKMHKDFLEKIGGL,1,1,,cleaned_S1_41587_2004_BFnbt1012_MOESM2_ESM,test
90,90,Myohemerithrin,CD-loop,GLSAPVD,0,0,,cleaned_S1_41587_2004_BFnbt1012_MOESM2_ESM,test
91,91,Myohemerithrin,D-helix,AKNVDYCKEWLVNHIK,0,0,,cleaned_S1_41587_2004_BFnbt1012_MOESM2_ESM,test
92,92,French bean Plastocyanin,Pc-1,LEVLLGSG,0,1,,cleaned_S1_41587_2004_BFnbt1012_MOESM2_ESM,test
93,93,French bean Plastocyanin,Pc-2,LEVLLGSGDGSLVFV,1,1,,cleaned_S1_41587_2004_BFnbt1012_MOESM2_ESM,test
94,94,French bean Plastocyanin,Pc-2a,SGDGSL,0,0,,cleaned_S1_41587_2004_BFnbt1012_MOESM2_ESM,test
95,95,French bean Plastocyanin,Pc-3,SLVFVPSEFS,0,2,,cleaned_S1_41587_2004_BFnbt1012_MOESM2_ESM,test
96,96,French bean Plastocyanin,Pc-4,SEFSV,0,0,,cleaned_S1_41587_2004_BFnbt1012_MOESM2_ESM,test
97,97,French bean Plastocyanin,Pc-5,SEFSVPSGEK,0,0,,cleaned_S1_41587_2004_BFnbt1012_MOESM2_ESM,test
98,98,French bean Plastocyanin,Pc-6,KIVFKNNA,0,0,,cleaned_S1_41587_2004_BFnbt1012_MOESM2_ESM,test
99,99,French bean Plastocyanin,Pc-6a,GEKIVFKNNAGFPHNVVFDE,1,0,,cleaned_S1_41587_2004_BFnbt1012_MOESM2_ESM,test
100,100,French bean Plastocyanin,Pc-7,KIVFKNNAGFPH,0,0,,cleaned_S1_41587_2004_BFnbt1012_MOESM2_ESM,test
101,101,French bean Plastocyanin,Pc-8,KNNAGFPHNV,0,0,,cleaned_S1_41587_2004_BFnbt1012_MOESM2_ESM,test
102,102,French bean Plastocyanin,Pc-9,PHNVVFDEDDEIP,0,1,,cleaned_S1_41587_2004_BFnbt1012_MOESM2_ESM,test
103,103,French bean Plastocyanin,Pc-10,IPAGVDAVKISM,1,1,,cleaned_S1_41587_2004_BFnbt1012_MOESM2_ESM,test
104,104,French bean Plastocyanin,Pc-10a,EIPAGV,0,0,,cleaned_S1_41587_2004_BFnbt1012_MOESM2_ESM,test
105,105,French bean Plastocyanin,Pc-10b,DAVKIS,0,0,,cleaned_S1_41587_2004_BFnbt1012_MOESM2_ESM,test
106,106,French bean Plastocyanin,Pc-11,MPEEELL,0,0,,cleaned_S1_41587_2004_BFnbt1012_MOESM2_ESM,test
107,107,French bean Plastocyanin,Pc-12,MPEEELLNAPGETYVVTL,1,2,,cleaned_S1_41587_2004_BFnbt1012_MOESM2_ESM,test
108,108,French bean Plastocyanin,Pc-13,ELLNAPGETY,0,0,,cleaned_S1_41587_2004_BFnbt1012_MOESM2_ESM,test
109,109,French bean Plastocyanin,Pc-13a,NAPGETY,0,0,,cleaned_S1_41587_2004_BFnbt1012_MOESM2_ESM,test
110,110,French bean Plastocyanin,Pc-13b,APGET,0,0,,cleaned_S1_41587_2004_BFnbt1012_MOESM2_ESM,test
111,111,French bean Plastocyanin,Pc-14,GETYVVTL,1,2,,cleaned_S1_41587_2004_BFnbt1012_MOESM2_ESM,test
112,112,French bean Plastocyanin,Pc-14a,ETYVVT,0,0,,cleaned_S1_41587_2004_BFnbt1012_MOESM2_ESM,test
113,113,French bean Plastocyanin,Pc-15,VTLDTKGTY,0,0,,cleaned_S1_41587_2004_BFnbt1012_MOESM2_ESM,test
114,114,French bean Plastocyanin,Pc-16,GTYSFYT,1,2,,cleaned_S1_41587_2004_BFnbt1012_MOESM2_ESM,test
115,115,French bean Plastocyanin,Pc-16a,TYSFYC,0,0,,cleaned_S1_41587_2004_BFnbt1012_MOESM2_ESM,test
116,116,French bean Plastocyanin,Pc-17,YTSPHQGAGMV,0,0,,cleaned_S1_41587_2004_BFnbt1012_MOESM2_ESM,test
117,117,French bean Plastocyanin,Pc-18,MVGKVTVN,0,0,,cleaned_S1_41587_2004_BFnbt1012_MOESM2_ESM,test
118,118,French bean Plastocyanin,Pc-19,GTVSFVTSPHQGAGMVGKVTVN,1,2,,cleaned_S1_41587_2004_BFnbt1012_MOESM2_ESM,test
119,119,Bovine Pancreatic Trypsin Inhibitor (BPTI),P1-15,RPDFSLEPPYTGPSK,0,0,,cleaned_S1_41587_2004_BFnbt1012_MOESM2_ESM,test
120,120,Bovine Pancreatic Trypsin Inhibitor (BPTI),P29-44,LSQTFVYGGSRAKRNN,1,2,,cleaned_S1_41587_2004_BFnbt1012_MOESM2_ESM,test
121,121,Bovine Pancreatic Trypsin Inhibitor (BPTI),P13-21,PSKARIIRY,0,0,,cleaned_S1_41587_2004_BFnbt1012_MOESM2_ESM,test
122,122,Bovine Pancreatic Trypsin Inhibitor (BPTI),P41-51,KRNNFKSAEDS,0,0,,cleaned_S1_41587_2004_BFnbt1012_MOESM2_ESM,test
123,123,Bovine Pancreatic Trypsin Inhibitor (BPTI),P16-28,ARIIRYFYNAKAG,0,1,,cleaned_S1_41587_2004_BFnbt1012_MOESM2_ESM,test
124,124,Bovine Pancreatic Trypsin Inhibitor (BPTI),P45-58,FKSAEDSMRTSGGA,0,0,,cleaned_S1_41587_2004_BFnbt1012_MOESM2_ESM,test
125,125,Bovine Pancreatic Trypsin Inhibitor (BPTI),P24-32,NAKAGLSQT,0,0,,cleaned_S1_41587_2004_BFnbt1012_MOESM2_ESM,test
126,126,N-terminal domain of Ribosomal protein L9,Beta-1,MKVIFLKDVKG,1,1,,cleaned_S1_41587_2004_BFnbt1012_MOESM2_ESM,test
127,127,N-terminal domain of Ribosomal protein L10,Beta-2,KGKKGEIKNVAD,0,0,,cleaned_S1_41587_2004_BFnbt1012_MOESM2_ESM,test
128,128,N-terminal domain of Ribosomal protein L11,Alpha-1,GYANNFLFKQG,1,1,,cleaned_S1_41587_2004_BFnbt1012_MOESM2_ESM,test
129,129,N-terminal domain of Ribosomal protein L12,Beta-3,LAIEATPA,0,0,,cleaned_S1_41587_2004_BFnbt1012_MOESM2_ESM,test
130,130,N-terminal domain of Ribosomal protein L13,Alpha-2,TPANLKALEAQKQKEQR,0,0,,cleaned_S1_41587_2004_BFnbt1012_MOESM2_ESM,test
131,131,Glutathione S Transeferase P domain II (Glutex),Alpha-4,DQKEAALVDMVNDGVEDLRCKYATLIYT,0,2,,cleaned_S1_41587_2004_BFnbt1012_MOESM2_ESM,test
132,132,Glutathione S Transeferase P domain II (Glutex),Alpha-5,YEAGKEKYVKELPEHLKPFETLLSQ,0,0,,cleaned_S1_41587_2004_BFnbt1012_MOESM2_ESM,test
133,133,Glutathione S Transeferase P domain II (Glutex),Alpha-6,QISFADYNLLDLLRIHQVLN,1,2,,cleaned_S1_41587_2004_BFnbt1012_MOESM2_ESM,test
134,134,Glutathione S Transeferase P domain II (Glutex),Alpha-7,PLLSAYVARLSA,0,2,,cleaned_S1_41587_2004_BFnbt1012_MOESM2_ESM,test
135,135,Glutathione S Transeferase P domain II (Glutex),Alpha-8,PKIKAFLA,0,0,,cleaned_S1_41587_2004_BFnbt1012_MOESM2_ESM,test
136,136,Spectrin SH3,M-2,AYVKKLDSGTGKELVLAL,0,1,,cleaned_S1_41587_2004_BFnbt1012_MOESM2_ESM,test
137,137,Spectrin SH4,M-4,YDYQEKSPREVTMKKGD,0,0,,cleaned_S1_41587_2004_BFnbt1012_MOESM2_ESM,test
138,138,Spectrin SH5,M-8,DILTLLNSTNKDWWKVEVND,1,2,,cleaned_S1_41587_2004_BFnbt1012_MOESM2_ESM,test
139,139,Spectrin SH6,M-C,GGKDWWKVGG,0,1,,cleaned_S1_41587_2004_BFnbt1012_MOESM2_ESM,test
140,140,Spectrin SH7,M-6,DWWKVEVNDRQGFVPA,1,2,,cleaned_S1_41587_2004_BFnbt1012_MOESM2_ESM,test
141,141,Spectrin SH8,M-68,DILTLLNSTNKDWWKVEVNDRQGFVPA,1,2,,cleaned_S1_41587_2004_BFnbt1012_MOESM2_ESM,test
142,142,Spectrin SH9,M-681,DILTLLNSTNKDWWKVEVNDRQGFVPA,0,2,,cleaned_S1_41587_2004_BFnbt1012_MOESM2_ESM,test
143,143,Ada-2h,H1-Wt,VPSNEEQIKNLLQLEAQEHLQY,0,1,,cleaned_S1_41587_2004_BFnbt1012_MOESM2_ESM,test
144,144,Ada-2h,H1-Mt,VPSNEEQIKKLLELEAKKHLQY,0,0,,cleaned_S1_41587_2004_BFnbt1012_MOESM2_ESM,test
145,145,Ada-2h,H2-WT,FVNVQAVKVFLESQGIAY,1,2,,cleaned_S1_41587_2004_BFnbt1012_MOESM2_ESM,test
146,146,Ada-2h,H2-Mt,FVNVEAVKAFLEAHGIAY,1,2,,cleaned_S1_41587_2004_BFnbt1012_MOESM2_ESM,test
147,147,Ara,Ara1,AVGKSNLLSRYARNEFSA,0,0,,cleaned_S1_41587_2004_BFnbt1012_MOESM2_ESM,test
148,148,Ara,Ara2,RFRAVTSAYYRGAVG,0,1,,cleaned_S1_41587_2004_BFnbt1012_MOESM2_ESM,test
149,149,Ara,Ara3,TRRTTFESVGRWLDELKIHSD,0,0,,cleaned_S1_41587_2004_BFnbt1012_MOESM2_ESM,test
150,150,Ara,Ara4,AVSVEEGKALAEEEGLF,0,0,,cleaned_S1_41587_2004_BFnbt1012_MOESM2_ESM,test
151,151,Ara,Ara5,STNVKTAFEMVILDIYNNV,1,2,,cleaned_S1_41587_2004_BFnbt1012_MOESM2_ESM,test
152,152,Com-A,ComA1,DHPAVMEGTKTILETDSNLS,0,0,,cleaned_S1_41587_2004_BFnbt1012_MOESM2_ESM,test
153,153,Com-A,ComA2,EPSEQFIKQHDFSSY,0,0,,cleaned_S1_41587_2004_BFnbt1012_MOESM2_ESM,test
154,154,Com-A,ComA3,VNGMELSKQILQENPH,0,0,,cleaned_S1_41587_2004_BFnbt1012_MOESM2_ESM,test
155,155,Com-A,ComA4,EVEDYFEEAIRAGLH,0,0,,cleaned_S1_41587_2004_BFnbt1012_MOESM2_ESM,test
156,156,Com-A,ComA5,TESKEKITQYIYHVLNGEIL,1,2,,cleaned_S1_41587_2004_BFnbt1012_MOESM2_ESM,test
157,157,CheY,Che-Y1,DFSTMRRIVRNLLKELGYN,0,0,,cleaned_S1_41587_2004_BFnbt1012_MOESM2_ESM,test
158,158,CheY,Che-Y2,EDGVDALNKLQAGGY,0,0,,cleaned_S1_41587_2004_BFnbt1012_MOESM2_ESM,test
159,159,CheY,Che-Y3,MDGLELLKTIRADSAY,0,1,,cleaned_S1_41587_2004_BFnbt1012_MOESM2_ESM,test
160,160,CheY,Che-Y4,AKKENIIAAAQAGASGY,1,2,,cleaned_S1_41587_2004_BFnbt1012_MOESM2_ESM,test
161,161,CheY,Che-Y5,PFTAATLEEKLNKIFEKLGMY,1,2,,cleaned_S1_41587_2004_BFnbt1012_MOESM2_ESM,test
162,162,Flavodoxin,FXN1,GTGNTEKMAELIAKGIIESGKDY,0,1,,cleaned_S1_41587_2004_BFnbt1012_MOESM2_ESM,test
163,163,Flavodoxin,FXN3,EESEFEPFIEEISTKISY,0,0,,cleaned_S1_41587_2004_BFnbt1012_MOESM2_ESM,test
164,164,Flavodoxin,FXN4,GDGKWMRDFEQRMNGYGSV,0,0,,cleaned_S1_41587_2004_BFnbt1012_MOESM2_ESM,test
165,165,Flavodoxin,FXN5,EPDEAEQDSIEFGKKIANIY,0,0,,cleaned_S1_41587_2004_BFnbt1012_MOESM2_ESM,test
166,166,P21-ras,P21A,GVGKSALTIQLIQNHFVY,1,2,,cleaned_S1_41587_2004_BFnbt1012_MOESM2_ESM,test
167,167,P21-ras,P21B,EYSAMRDQYMRTGEG,0,0,,cleaned_S1_41587_2004_BFnbt1012_MOESM2_ESM,test
168,168,P21-ras,P21C,INNTKSFEDIHQYREQIKRVKDS,0,0,,cleaned_S1_41587_2004_BFnbt1012_MOESM2_ESM,test
169,169,P21-ras,P21D,ARTVESRQAQDLARSYGIP,0,0,,cleaned_S1_41587_2004_BFnbt1012_MOESM2_ESM,test
170,170,P21-ras,P21E,RQGVEDAFYTLVREIRQHK,1,2,,cleaned_S1_41587_2004_BFnbt1012_MOESM2_ESM,test
171,171,PL-B1,PL-B1-95,VTIKANLIFANGFTQTAEFKG,1,2,4.1,cleaned_S1_41587_2004_BFnbt1012_MOESM2_ESM,test
172,172,PL-B3,PL-B1-114,KGTFEKATSEAYAYADTLKKDNGEY,1,2,2.4,cleaned_S1_41587_2004_BFnbt1012_MOESM2_ESM,test
173,173,PL-B5,PL-B1-136,GEYTVDVADKGYTLNIKFAGD,1,2,6.1,cleaned_S1_41587_2004_BFnbt1012_MOESM2_ESM,test
174,174,Protein_G,ProteinG2-19,TYKLINGKTLKGETTTEA,0,0,,cleaned_S1_41587_2004_BFnbt1012_MOESM2_ESM,test
175,175,Protein_G,ProteinG21-40,GDAATAEKVFKQYANDNGVD,0,0,,cleaned_S1_41587_2004_BFnbt1012_MOESM2_ESM,test
176,176,Protein_G,ProteinG41-56,GEWTYDDATKTFTVTE,1,2,,cleaned_S1_41587_2004_BFnbt1012_MOESM2_ESM,test
177,177,human prion protein,1-10,QGGGTHSQWN,0,0,,cleaned_S2_41587_2004_BFnbt1012_MOESM3_ESM,test
178,178,human prion protein,6-15,HSQWNKPSKP,0,0,,cleaned_S2_41587_2004_BFnbt1012_MOESM3_ESM,test
179,179,human prion protein,11-20,KPSKPKTNMK,0,0,,cleaned_S2_41587_2004_BFnbt1012_MOESM3_ESM,test
180,180,human prion protein,16-25,KTNMKHMAGA,0,0,,cleaned_S2_41587_2004_BFnbt1012_MOESM3_ESM,test
181,181,human prion protein,21-30,HMAGAAAAGA,0,0,,cleaned_S2_41587_2004_BFnbt1012_MOESM3_ESM,test
182,182,human prion protein,26-35,AAAGAVVGGL,0,1,,cleaned_S2_41587_2004_BFnbt1012_MOESM3_ESM,test
183,183,human prion protein,31-40,VVGGLGGYML,0,0,,cleaned_S2_41587_2004_BFnbt1012_MOESM3_ESM,test
184,184,human prion protein,36-45,GGYMLGSAMS,0,0,,cleaned_S2_41587_2004_BFnbt1012_MOESM3_ESM,test
185,185,human prion protein,41-50,GSAMSRPIIH,0,0,,cleaned_S2_41587_2004_BFnbt1012_MOESM3_ESM,test
186,186,human prion protein,51-60,FGSDYEDRYY,0,0,,cleaned_S2_41587_2004_BFnbt1012_MOESM3_ESM,test
187,187,human prion protein,56-65,EDRYYRENMH,0,0,,cleaned_S2_41587_2004_BFnbt1012_MOESM3_ESM,test
188,188,human prion protein,61-70,RENMHRYPNQ,0,0,,cleaned_S2_41587_2004_BFnbt1012_MOESM3_ESM,test
189,189,human prion protein,66-75,RYPNQVYYRP,0,0,,cleaned_S2_41587_2004_BFnbt1012_MOESM3_ESM,test
190,190,human prion protein,71-80,VYYRPMDEYS,0,0,,cleaned_S2_41587_2004_BFnbt1012_MOESM3_ESM,test
191,191,human prion protein,76-85,MDEYSNQNNF,0,0,,cleaned_S2_41587_2004_BFnbt1012_MOESM3_ESM,test
192,192,human prion protein,81-90,NQNNFVHDCV,0,0,,cleaned_S2_41587_2004_BFnbt1012_MOESM3_ESM,test
193,193,human prion protein,86-95,VHDCVNITIK,1,1,,cleaned_S2_41587_2004_BFnbt1012_MOESM3_ESM,test
194,194,human prion protein,91-100,NITIKQHTVT,0,0,,cleaned_S2_41587_2004_BFnbt1012_MOESM3_ESM,test
195,195,human prion protein,96-105,QHTVTTTTKG,0,0,,cleaned_S2_41587_2004_BFnbt1012_MOESM3_ESM,test
196,196,human prion protein,101-110,TTTKGENFTE,0,0,,cleaned_S2_41587_2004_BFnbt1012_MOESM3_ESM,test
197,197,human prion protein,106-115,ENFTETDVKM,0,0,,cleaned_S2_41587_2004_BFnbt1012_MOESM3_ESM,test
198,198,human prion protein,111-120,TDVKMMERVV,0,0,,cleaned_S2_41587_2004_BFnbt1012_MOESM3_ESM,test
199,199,human prion protein,116-125,MERVVEQMCI,0,0,,cleaned_S2_41587_2004_BFnbt1012_MOESM3_ESM,test
200,200,human prion protein,121-130,EQMCITQYER,0,0,,cleaned_S2_41587_2004_BFnbt1012_MOESM3_ESM,test
201,201,human prion protein,126-135,TQYERESQAY,0,0,,cleaned_S2_41587_2004_BFnbt1012_MOESM3_ESM,test
202,202,human prion protein,131-140,ESQAYYQRGS,0,0,,cleaned_S2_41587_2004_BFnbt1012_MOESM3_ESM,test
203,203,human prion protein,136-145,YQRGSSMVLF,0,1,,cleaned_S2_41587_2004_BFnbt1012_MOESM3_ESM,test
204,204,human prion protein,141-150,SMVLFSSPPV,1,2,,cleaned_S2_41587_2004_BFnbt1012_MOESM3_ESM,test
205,205,human prion protein,146-155,SSPPVILLIS,1,2,,cleaned_S2_41587_2004_BFnbt1012_MOESM3_ESM,test
206,206,human prion protein,151-160,ILLISFLIFL,1,2,,cleaned_S2_41587_2004_BFnbt1012_MOESM3_ESM,test
207,207,human prion protein,156-163,FLIFLIVG,1,2,,cleaned_S2_41587_2004_BFnbt1012_MOESM3_ESM,test
208,232,B-microglobulin,45029,RTPKIQVYSR,0,0,,cleaned_S2_41587_2004_BFnbt1012_MOESM3_ESM,test
209,233,B-microglobulin,45187,QVYSRHPAEN,0,0,,cleaned_S2_41587_2004_BFnbt1012_MOESM3_ESM,test
210,234,B-microglobulin,14-23,HPAENGKSNF,0,0,,cleaned_S2_41587_2004_BFnbt1012_MOESM3_ESM,test
211,235,B-microglobulin,24-33,LNCYVSGFHP,0,0,,cleaned_S2_41587_2004_BFnbt1012_MOESM3_ESM,test
212,236,B-microglobulin,29-38,SGFHPSDIEV,0,0,,cleaned_S2_41587_2004_BFnbt1012_MOESM3_ESM,test
213,237,B-microglobulin,34-43,SDIEVDLLKN,0,0,,cleaned_S2_41587_2004_BFnbt1012_MOESM3_ESM,test
214,238,B-microglobulin,39-48,DLLKNGERIE,0,0,,cleaned_S2_41587_2004_BFnbt1012_MOESM3_ESM,test
215,239,B-microglobulin,44-53,GERIEKVEHS,0,0,,cleaned_S2_41587_2004_BFnbt1012_MOESM3_ESM,test
216,240,B-microglobulin,49-58,KVEHSDLSFS,0,0,,cleaned_S2_41587_2004_BFnbt1012_MOESM3_ESM,test
217,241,B-microglobulin,54-63,DLSFSKDWSF,1,0,,cleaned_S2_41587_2004_BFnbt1012_MOESM3_ESM,test
218,242,B-microglobulin,59-68,KDWSFYLLYY,1,2,,cleaned_S2_41587_2004_BFnbt1012_MOESM3_ESM,test
219,243,B-microglobulin,64-73,YLLYYTEFTP,1,2,,cleaned_S2_41587_2004_BFnbt1012_MOESM3_ESM,test
220,244,B-microglobulin,69-78,TEFTPTEKDE,1,0,,cleaned_S2_41587_2004_BFnbt1012_MOESM3_ESM,test
221,245,B-microglobulin,74-83,TEKDEYACRV,0,0,,cleaned_S2_41587_2004_BFnbt1012_MOESM3_ESM,test
222,246,B-microglobulin,79-88,YACRVNHVTL,0,0,,cleaned_S2_41587_2004_BFnbt1012_MOESM3_ESM,test
223,247,B-microglobulin,84-93,NHVTLSQPKI,0,0,,cleaned_S2_41587_2004_BFnbt1012_MOESM3_ESM,test
