,Unnamed: 0,sequence,value_bool,parent_protein,name,group,fold,seq_aa_length,data_split_fold1,data_split_fold2,data_split_fold3,data_split_fold4,data_split_fold5,probabilities_0,preds_0,probabilities_1,preds_1,probabilities_2,preds_2,probabilities_3,preds_3,probabilities_4,preds_4,probabilities_average,Aggregation label
0,1.0,PGGGKVYKPV,0.0,t-Protein,K19d,serrano_1,-1.0,10.0,test,test,test,test,test,0.042504285,0.0,0.06699391,0.0,0.040806115,0.0,0.14243758,0.0,0.062475067,0,0.07104339,False
1,2.0,PGGGKNAEVYKPV,0.0,t-Protein,Mut1,serrano_1,-1.0,13.0,test,test,test,test,test,0.13048989,0.0,0.20868248,0.0,0.23056546,0.0,0.18508485,0.0,0.11832077,0,0.17462869,False
2,4.0,QTAPVPMPDLKNVKSKIGSTENLKHQPGGGKVQIVY,0.0,t-Protein,K19Chym,serrano_1,-1.0,36.0,test,test,test,test,test,0.7726213,1.0,0.7847357,1.0,0.7763047,1.0,0.7961016,1.0,0.8394784,1,0.79384834,False
3,5.0,KPVDLSKVTSKCGSLGNIHHKPGGGQVEVKSEKLDF,0.0,t-Protein,K19Chym1,serrano_1,-1.0,36.0,test,test,test,test,test,0.8314818,1.0,0.86899465,1.0,0.8288672,1.0,0.89583826,1.0,0.87949246,1,0.8609349,False
4,6.0,KDRVQSKIGSLDNITHVPGGGN,0.0,t-Protein,K19Chym2,serrano_1,-1.0,22.0,test,test,test,test,test,0.61400914,1.0,0.64142394,1.0,0.567145,1.0,0.68407476,1.0,0.5977173,1,0.62087405,False
5,7.0,QTAPVPMPDLKNVKSKIGSTE,0.0,t-Protein,K19Gluc4,serrano_1,-1.0,21.0,test,test,test,test,test,0.35387108,0.0,0.26581052,0.0,0.29070067,0.0,0.251602,0.0,0.30423492,0,0.29324383,False
6,10.0,KLDFKDRVQSKIGSLDNITHVPGGGN,0.0,t-Protein,K19Gluc43,serrano_1,-1.0,26.0,test,test,test,test,test,0.72458434,1.0,0.7476698,1.0,0.6800002,1.0,0.7970481,1.0,0.73979455,1,0.7378194,False
7,11.0,QTAPVPMPD,0.0,t-Protein,K19Gluc78,serrano_1,-1.0,9.0,test,test,test,test,test,0.002831897,0.0,0.05704061,0.0,0.018803582,0.0,0.054155283,0.0,0.028628798,0,0.03229203,False
8,12.0,LKNVKSKIGSTE,0.0,t-Protein,K19Gluc781,serrano_1,-1.0,12.0,test,test,test,test,test,0.21148562,0.0,0.10741061,0.0,0.058592267,0.0,0.059111647,0.0,0.07842781,0,0.10300559,False
9,14.0,LSKVTSKCGSLGNIHHKPGGGQVE,0.0,t-Protein,K19Gluc783,serrano_1,-1.0,24.0,test,test,test,test,test,0.6330912,1.0,0.6265795,1.0,0.59002227,1.0,0.64887184,1.0,0.5846813,1,0.61664927,False
10,15.0,VKSEKLDFKDRVQSKIGSLDNITHVPGGGN,0.0,t-Protein,K19Gluc784,serrano_1,-1.0,30.0,test,test,test,test,test,0.7426603,1.0,0.7624723,1.0,0.6608151,1.0,0.7891836,1.0,0.7460693,1,0.74024016,False
11,18.0,VDLSKVTSK,0.0,t-Protein,V313-K321,serrano_1,-1.0,9.0,test,test,test,test,test,0.41871083,1.0,0.21644497,0.0,0.23760876,0.0,0.33509666,0.0,0.13089734,0,0.2677517,False
12,19.0,VTSKCGSLGNIHHKPGGG,0.0,t-Protein,V318-G335,serrano_1,-1.0,18.0,test,test,test,test,test,0.42051664,1.0,0.41316792,0.0,0.37675062,0.0,0.46155596,1.0,0.41286024,0,0.4169703,False
13,20.0,GQVEVSKE,0.0,t-Protein,V335-E342,serrano_1,-1.0,8.0,test,test,test,test,test,0.5649991,1.0,0.4764714,0.0,0.35202113,0.0,0.5260943,1.0,0.1260685,0,0.40913087,False
14,25.0,VHHQPLVFFAEDVGS,1.0,Amyloid beta A4 peptide,HABP4,serrano_1,-1.0,15.0,test,test,test,test,test,0.91732705,1.0,0.9311819,1.0,0.88872826,1.0,0.95016503,1.0,0.9370866,1,0.9248978,True
15,26.0,KKPVFFAED,0.0,Amyloid beta A4 peptide,HABP5,serrano_1,-1.0,9.0,test,test,test,test,test,0.51338345,1.0,0.57919693,1.0,0.59099805,1.0,0.66443664,1.0,0.49846786,1,0.5692966,False
16,27.0,KKLPFFAED,0.0,Amyloid beta A4 peptide,HABP6,serrano_1,-1.0,9.0,test,test,test,test,test,0.33186418,0.0,0.24641399,0.0,0.20574835,0.0,0.44765866,1.0,0.16244684,0,0.2788264,False
17,28.0,KKLVPFAED,0.0,Amyloid beta A4 peptide,HABP7,serrano_1,-1.0,9.0,test,test,test,test,test,0.26821476,0.0,0.18403968,0.0,0.15597329,0.0,0.34991294,0.0,0.1227399,0,0.21617612,False
18,29.0,VHHQKLVPFAEDVGS,0.0,Amyloid beta A4 peptide,HABP8,serrano_1,-1.0,15.0,test,test,test,test,test,0.74424493,1.0,0.7442507,1.0,0.73076,1.0,0.7961575,1.0,0.66661924,1,0.7364065,False
19,30.0,KKLVFPAED,0.0,Amyloid beta A4 peptide,HABP9,serrano_1,-1.0,9.0,test,test,test,test,test,0.33037984,0.0,0.33964798,0.0,0.58446854,1.0,0.50463647,1.0,0.18985566,0,0.3897977,False
20,31.0,KKLVFFPED,1.0,Amyloid beta A4 peptide,HABP10,serrano_1,-1.0,9.0,test,test,test,test,test,0.7241168,1.0,0.7000844,1.0,0.81803364,1.0,0.7614169,1.0,0.63919955,1,0.7285702,True
21,49.0,EQVTNVGGAVVTGVTAVA,1.0,Alpha synuclein,NAC1-18,serrano_1,-1.0,18.0,test,test,test,test,test,0.9617339,1.0,0.9518926,1.0,0.9547305,1.0,0.9547512,1.0,0.95325893,1,0.95527345,True
22,50.0,TVNGVGEVTATAVQGVAV,1.0,Alpha synuclein,NAC1-18s,serrano_1,-1.0,18.0,test,test,test,test,test,0.9562927,1.0,0.9543751,1.0,0.9600916,1.0,0.96720904,1.0,0.95870394,1,0.9593345,True
23,51.0,VTNVGGAVVTGVTAVA,1.0,Alpha synuclein,NAC3-18,serrano_1,-1.0,16.0,test,test,test,test,test,0.9650154,1.0,0.96065795,1.0,0.958515,1.0,0.9580332,1.0,0.9632632,1,0.96109694,True
24,52.0,EQVTNVGGAVVTG,1.0,Alpha synuclein,NAC1-13,serrano_1,-1.0,13.0,test,test,test,test,test,0.87203,1.0,0.8639755,1.0,0.8717183,1.0,0.89758396,1.0,0.8351841,1,0.86809844,True
25,53.0,VGGAVVTGV,1.0,Alpha synuclein,NAC6-14,serrano_1,-1.0,9.0,test,test,test,test,test,0.8406352,1.0,0.917752,1.0,0.9255515,1.0,0.9144411,1.0,0.9063358,1,0.9009431,True
26,54.0,STAQSLKSVDYEVFGRV,0.0,Acyl Phosphatase,1-17,serrano_1,-1.0,17.0,test,test,test,test,test,0.822887,1.0,0.77169204,1.0,0.73753655,1.0,0.7428831,1.0,0.74069947,1,0.7631396,False
27,55.0,QGVSFRMYTEDEARKI,0.0,Acyl Phosphatase,18-33,serrano_1,-1.0,16.0,test,test,test,test,test,0.73132145,1.0,0.69281167,1.0,0.6382574,1.0,0.7391368,1.0,0.69827265,1,0.69995993,False
28,56.0,GVVGWVKNTSKGTVTGQVQG,1.0,Acyl Phosphatase,34-53,serrano_1,-1.0,20.0,test,test,test,test,test,0.8836323,1.0,0.9439464,1.0,0.95842063,1.0,0.9493165,1.0,0.94714284,1,0.9364918,True
29,57.0,PEDKVNSMKSWLSKV,0.0,Acyl Phosphatase,54-68,serrano_1,-1.0,15.0,test,test,test,test,test,0.341118,0.0,0.23577069,0.0,0.12850077,0.0,0.15902182,0.0,0.15276748,0,0.20343575,False
30,58.0,GSPSSRIDRTNFSNEKT,0.0,Acyl Phosphatase,69-85,serrano_1,-1.0,17.0,test,test,test,test,test,0.31738803,0.0,0.19660796,0.0,0.13410789,0.0,0.10884628,0.0,0.12803145,0,0.17699632,False
31,68.0,MQTLSERLKKRRIALKY,0.0,434 Cro repressor,1Cro,serrano_1,-1.0,17.0,test,test,test,test,test,0.53663546,1.0,0.35775712,0.0,0.46540135,1.0,0.35520142,0.0,0.32170355,0,0.4073398,False
32,69.0,YKMTQTELATKAGVK,0.0,435 Cro repressor,2Cro,serrano_1,-1.0,15.0,test,test,test,test,test,0.7035609,1.0,0.47953925,0.0,0.7306998,1.0,0.66546214,1.0,0.50204074,1,0.6162605,False
33,70.0,YKQQSIQLIEAGVTKR,0.0,436 Cro repressor,3Cro,serrano_1,-1.0,16.0,test,test,test,test,test,0.8449832,1.0,0.7340061,1.0,0.80402327,1.0,0.7931041,1.0,0.7223561,1,0.77969456,False
34,71.0,TKRPRFLYEIAMALNSD,1.0,437 Cro repressor,4Cro,serrano_1,-1.0,17.0,test,test,test,test,test,0.7824606,1.0,0.70855784,1.0,0.69900006,1.0,0.69444084,1.0,0.74667275,1,0.72622645,True
35,72.0,AMALNCDPVWLQYGTKRGKA,0.0,438 Cro repressor,5Cro,serrano_1,-1.0,20.0,test,test,test,test,test,0.66609466,1.0,0.6365902,1.0,0.7834537,1.0,0.6912473,1.0,0.6699391,1,0.6894649,False
36,73.0,VLSEGEWQLVLHVWAKVEA,1.0,Sperm whale myoglobin,A-Helix,serrano_1,-1.0,19.0,test,test,test,test,test,0.9777307,1.0,0.9787886,1.0,0.99405575,1.0,0.98509514,1.0,0.9817621,1,0.9834865,True
37,74.0,EGEWQLVLHVWAKVEADVAGHGQDILIRLFK,1.0,Sperm whale myoglobin,AB-Domain,serrano_1,-1.0,31.0,test,test,test,test,test,0.97864866,1.0,0.9750799,1.0,0.97997916,1.0,0.9779696,1.0,0.97158307,1,0.97665215,True
38,75.0,DVAGHGQDILIRLFKS,1.0,Sperm whale myoglobin,B-Helix,serrano_1,-1.0,16.0,test,test,test,test,test,0.87164605,1.0,0.7846644,1.0,0.83862686,1.0,0.87280065,1.0,0.80326986,1,0.8342015,True
39,76.0,KSHPET,0.0,Sperm whale myoglobin,BC-Turn,serrano_1,-1.0,6.0,test,test,test,test,test,0.00010996269,0.0,0.0047345045,0.0,9.2240974e-05,0.0,0.0042998465,0.0,0.0026891974,0,0.0023851506,False
40,77.0,HPETLEKFDRFKHLK,0.0,Sperm whale myoglobin,CCD-Domain,serrano_1,-1.0,15.0,test,test,test,test,test,0.22647598,0.0,0.2165057,0.0,0.15419918,0.0,0.2667609,0.0,0.21208407,0,0.21520516,False
41,78.0,TEAEMKA,0.0,Sperm whale myoglobin,D-Helix,serrano_1,-1.0,7.0,test,test,test,test,test,0.0017477974,0.0,0.024891628,0.0,0.012935607,0.0,0.014913844,0.0,0.03301359,0,0.017500494,False
42,79.0,SEDLKKHGVTVLTALGAILK,0.0,Sperm whale myoglobin,E-Helix,serrano_1,-1.0,20.0,test,test,test,test,test,0.84909797,1.0,0.82730234,1.0,0.8463576,1.0,0.83971554,1.0,0.85242265,1,0.84297925,False
43,80.0,KKGHHEAE,0.0,Sperm whale myoglobin,EF-Turn,serrano_1,-1.0,8.0,test,test,test,test,test,0.0057864394,0.0,0.017364804,0.0,0.05388945,0.0,0.088417396,0.0,0.06480736,0,0.04605309,False
44,81.0,ELKPLAQSHA,0.0,Sperm whale myoglobin,F-helix,serrano_1,-1.0,10.0,test,test,test,test,test,0.06402888,0.0,0.017483266,0.0,0.034942154,0.0,0.05488818,0.0,0.041837864,0,0.042636074,False
45,82.0,ATKHKIP,0.0,Sperm whale myoglobin,FG-Turn,serrano_1,-1.0,7.0,test,test,test,test,test,0.008662384,0.0,0.0061933356,0.0,0.0041670105,0.0,0.009650811,0.0,0.02282618,0,0.010299944,False
46,83.0,GWEIPEPYVWDESFRVFY,0.0,Myohemerithrin,N-terminal,serrano_1,-1.0,18.0,test,test,test,test,test,0.8398665,1.0,0.9149416,1.0,0.9170524,1.0,0.8992952,1.0,0.9052375,1,0.89527863,False
47,84.0,GTDFKYKGKL,0.0,Myohemerithrin,C-terminal,serrano_1,-1.0,10.0,test,test,test,test,test,0.15362814,0.0,0.062213488,0.0,0.022555156,0.0,0.039976407,0.0,0.06975336,0,0.06962531,False
48,85.0,YEQLDEEHKKIFKGIFDCIRD,0.0,Myohemerithrin,A-helix,serrano_1,-1.0,21.0,test,test,test,test,test,0.77375937,1.0,0.71887535,1.0,0.7131072,1.0,0.74811995,1.0,0.6955035,1,0.72987306,False
49,87.0,SAPNLATLVKVTTNHFTHEEAMMD,1.0,Myohemerithrin,B-helix,serrano_1,-1.0,24.0,test,test,test,test,test,0.8843409,1.0,0.85934615,1.0,0.81059086,1.0,0.86359453,1.0,0.8346771,1,0.85050994,True
50,88.0,DAAKYSEV,0.0,Myohemerithrin,BC-loop,serrano_1,-1.0,8.0,test,test,test,test,test,0.1099674,0.0,0.022914391,0.0,0.013406206,0.0,0.04889866,0.0,0.036517624,0,0.04634086,False
51,89.0,EVVPHKKMHKDFLEKIGGL,1.0,Myohemerithrin,C-Helix,serrano_1,-1.0,19.0,test,test,test,test,test,0.75797546,1.0,0.70755684,1.0,0.6721065,1.0,0.74272513,1.0,0.70391935,1,0.71685666,True
52,90.0,GLSAPVD,0.0,Myohemerithrin,CD-loop,serrano_1,-1.0,7.0,test,test,test,test,test,0.1496029,0.0,0.0799173,0.0,0.1080848,0.0,0.030523323,0.0,0.06000772,0,0.08562721,False
53,91.0,AKNVDYCKEWLVNHIK,0.0,Myohemerithrin,D-helix,serrano_1,-1.0,16.0,test,test,test,test,test,0.9068649,1.0,0.8699831,1.0,0.89957047,1.0,0.89180064,1.0,0.8502922,1,0.8837023,False
54,92.0,LEVLLGSG,0.0,French bean Plastocyanin,Pc-1,serrano_1,-1.0,8.0,test,test,test,test,test,0.68200827,1.0,0.70201623,1.0,0.8189786,1.0,0.77491164,1.0,0.6476386,1,0.72511065,False
55,93.0,LEVLLGSGDGSLVFV,1.0,French bean Plastocyanin,Pc-2,serrano_1,-1.0,15.0,test,test,test,test,test,0.9553477,1.0,0.95553017,1.0,0.95449823,1.0,0.9476718,1.0,0.9672793,1,0.9560655,True
56,94.0,SGDGSL,0.0,French bean Plastocyanin,Pc-2a,serrano_1,-1.0,6.0,test,test,test,test,test,0.0005834613,0.0,0.017469788,0.0,0.0002829201,0.0,0.0215297,0.0,0.016264793,0,0.011226133,False
57,95.0,SLVFVPSEFS,0.0,French bean Plastocyanin,Pc-3,serrano_1,-1.0,10.0,test,test,test,test,test,0.80842507,1.0,0.8114668,1.0,0.7148536,1.0,0.8734779,1.0,0.81102777,1,0.8038503,False
58,97.0,SEFSVPSGEK,0.0,French bean Plastocyanin,Pc-5,serrano_1,-1.0,10.0,test,test,test,test,test,0.26294374,0.0,0.10343371,0.0,0.06314996,0.0,0.054480348,0.0,0.0550688,0,0.10781531,False
59,98.0,KIVFKNNA,0.0,French bean Plastocyanin,Pc-6,serrano_1,-1.0,8.0,test,test,test,test,test,0.39836138,1.0,0.41365445,0.0,0.4814589,1.0,0.42990667,0.0,0.15714225,0,0.37610474,False
60,99.0,GEKIVFKNNAGFPHNVVFDE,1.0,French bean Plastocyanin,Pc-6a,serrano_1,-1.0,20.0,test,test,test,test,test,0.9649053,1.0,0.9505353,1.0,0.9599929,1.0,0.9667397,1.0,0.94913197,1,0.958261,True
61,100.0,KIVFKNNAGFPH,0.0,French bean Plastocyanin,Pc-7,serrano_1,-1.0,12.0,test,test,test,test,test,0.65191376,1.0,0.6158712,1.0,0.68670785,1.0,0.65205276,1.0,0.5560182,1,0.63251275,False
62,101.0,KNNAGFPHNV,0.0,French bean Plastocyanin,Pc-8,serrano_1,-1.0,10.0,test,test,test,test,test,0.05808132,0.0,0.13264614,0.0,0.04810182,0.0,0.13163465,0.0,0.083421946,0,0.09077717,False
63,102.0,PHNVVFDEDDEIP,0.0,French bean Plastocyanin,Pc-9,serrano_1,-1.0,13.0,test,test,test,test,test,0.54305416,1.0,0.6144071,1.0,0.39102483,0.0,0.6451702,1.0,0.55384874,1,0.549501,False
64,103.0,IPAGVDAVKISM,1.0,French bean Plastocyanin,Pc-10,serrano_1,-1.0,12.0,test,test,test,test,test,0.7923407,1.0,0.76375014,1.0,0.793249,1.0,0.77747744,1.0,0.7963486,1,0.7846332,True
65,104.0,EIPAGV,0.0,French bean Plastocyanin,Pc-10a,serrano_1,-1.0,6.0,test,test,test,test,test,0.026132505,0.0,0.0881588,0.0,0.015528009,0.0,0.18621632,0.0,0.07904112,0,0.07901535,False
66,105.0,DAVKIS,0.0,French bean Plastocyanin,Pc-10b,serrano_1,-1.0,6.0,test,test,test,test,test,0.13053934,0.0,0.07088851,0.0,0.03265415,0.0,0.090958215,0.0,0.079770274,0,0.0809621,False
67,106.0,MPEEELL,0.0,French bean Plastocyanin,Pc-11,serrano_1,-1.0,7.0,test,test,test,test,test,0.0041699964,0.0,0.045505304,0.0,0.007413592,0.0,0.012637578,0.0,0.05225829,0,0.024396952,False
68,107.0,MPEEELLNAPGETYVVTL,1.0,French bean Plastocyanin,Pc-12,serrano_1,-1.0,18.0,test,test,test,test,test,0.85005975,1.0,0.7919768,1.0,0.77176154,1.0,0.8130678,1.0,0.80530465,1,0.80643404,True
69,108.0,ELLNAPGETY,0.0,French bean Plastocyanin,Pc-13,serrano_1,-1.0,10.0,test,test,test,test,test,0.15763564,0.0,0.056492653,0.0,0.15268432,0.0,0.02894825,0.0,0.048451364,0,0.08884244,False
70,109.0,NAPGETY,0.0,French bean Plastocyanin,Pc-13a,serrano_1,-1.0,7.0,test,test,test,test,test,0.00016687888,0.0,0.0011886763,0.0,0.00030823858,0.0,0.004215844,0.0,0.005687897,0,0.002313507,False
71,111.0,GETYVVTL,1.0,French bean Plastocyanin,Pc-14,serrano_1,-1.0,8.0,test,test,test,test,test,0.66207993,1.0,0.73377883,1.0,0.8076911,1.0,0.7905865,1.0,0.67725384,1,0.734278,True
72,112.0,ETYVVT,0.0,French bean Plastocyanin,Pc-14a,serrano_1,-1.0,6.0,test,test,test,test,test,0.73110425,1.0,0.66204894,1.0,0.5061302,1.0,0.5780101,1.0,0.43660244,1,0.5827792,False
73,113.0,VTLDTKGTY,0.0,French bean Plastocyanin,Pc-15,serrano_1,-1.0,9.0,test,test,test,test,test,0.24330296,0.0,0.22020417,0.0,0.4532454,1.0,0.27591646,0.0,0.11545608,0,0.261625,False
74,114.0,GTYSFYT,1.0,French bean Plastocyanin,Pc-16,serrano_1,-1.0,7.0,test,test,test,test,test,0.2877483,0.0,0.376854,0.0,0.27932626,0.0,0.33358556,0.0,0.16407886,0,0.2883186,True
75,115.0,TYSFYC,0.0,French bean Plastocyanin,Pc-16a,serrano_1,-1.0,6.0,test,test,test,test,test,0.094150566,0.0,0.3438312,0.0,0.22973178,0.0,0.28742862,0.0,0.14960635,0,0.2209497,False
76,116.0,YTSPHQGAGMV,0.0,French bean Plastocyanin,Pc-17,serrano_1,-1.0,11.0,test,test,test,test,test,0.4492663,1.0,0.24505731,0.0,0.26947993,0.0,0.19430304,0.0,0.15536872,0,0.26269504,False
77,117.0,MVGKVTVN,0.0,French bean Plastocyanin,Pc-18,serrano_1,-1.0,8.0,test,test,test,test,test,0.7413079,1.0,0.72407365,1.0,0.66381365,1.0,0.6740924,1.0,0.47873843,1,0.6564052,False
78,118.0,GTVSFVTSPHQGAGMVGKVTVN,1.0,French bean Plastocyanin,Pc-19,serrano_1,-1.0,22.0,test,test,test,test,test,0.93504214,1.0,0.9622349,1.0,0.97380173,1.0,0.96805733,1.0,0.9780797,1,0.96344316,True
79,119.0,RPDFSLEPPYTGPSK,0.0,Bovine Pancreatic Trypsin Inhibitor (BPTI),P1-15,serrano_1,-1.0,15.0,test,test,test,test,test,0.16513221,0.0,0.12027459,0.0,0.05742819,0.0,0.17260996,0.0,0.11538997,0,0.12616698,False
80,120.0,LSQTFVYGGSRAKRNN,1.0,Bovine Pancreatic Trypsin Inhibitor (BPTI),P29-44,serrano_1,-1.0,16.0,test,test,test,test,test,0.6905314,1.0,0.64759606,1.0,0.5892369,1.0,0.653745,1.0,0.55493647,1,0.6272092,True
81,121.0,PSKARIIRY,0.0,Bovine Pancreatic Trypsin Inhibitor (BPTI),P13-21,serrano_1,-1.0,9.0,test,test,test,test,test,0.08923419,0.0,0.13526638,0.0,0.08200621,0.0,0.0978564,0.0,0.08041067,0,0.09695476,False
82,122.0,KRNNFKSAEDS,0.0,Bovine Pancreatic Trypsin Inhibitor (BPTI),P41-51,serrano_1,-1.0,11.0,test,test,test,test,test,0.07024649,0.0,0.061332706,0.0,0.03151514,0.0,0.04646203,0.0,0.058550667,0,0.05362141,False
83,123.0,ARIIRYFYNAKAG,0.0,Bovine Pancreatic Trypsin Inhibitor (BPTI),P16-28,serrano_1,-1.0,13.0,test,test,test,test,test,0.7448461,1.0,0.7068188,1.0,0.7976115,1.0,0.7317871,1.0,0.6530177,1,0.7268163,False
84,124.0,FKSAEDSMRTSGGA,0.0,Bovine Pancreatic Trypsin Inhibitor (BPTI),P45-58,serrano_1,-1.0,14.0,test,test,test,test,test,0.11591862,0.0,0.12684657,0.0,0.059634,0.0,0.06656673,0.0,0.1212371,0,0.0980406,False
85,125.0,NAKAGLSQT,0.0,Bovine Pancreatic Trypsin Inhibitor (BPTI),P24-32,serrano_1,-1.0,9.0,test,test,test,test,test,0.15510602,0.0,0.012783929,0.0,0.021535251,0.0,0.035158765,0.0,0.044450298,0,0.053806853,False
86,126.0,MKVIFLKDVKG,1.0,N-terminal domain of Ribosomal protein L9,Beta-1,serrano_1,-1.0,11.0,test,test,test,test,test,0.89215523,1.0,0.87413955,1.0,0.8351065,1.0,0.87794757,1.0,0.84307265,1,0.8644843,True
87,127.0,KGKKGEIKNVAD,0.0,N-terminal domain of Ribosomal protein L10,Beta-2,serrano_1,-1.0,12.0,test,test,test,test,test,0.6305772,1.0,0.46428642,0.0,0.6570612,1.0,0.49492258,1.0,0.3673273,0,0.52283496,False
88,128.0,GYANNFLFKQG,1.0,N-terminal domain of Ribosomal protein L11,Alpha-1,serrano_1,-1.0,11.0,test,test,test,test,test,0.7112292,1.0,0.7144101,1.0,0.78507364,1.0,0.7916668,1.0,0.6966621,1,0.7398084,True
89,129.0,LAIEATPA,0.0,N-terminal domain of Ribosomal protein L12,Beta-3,serrano_1,-1.0,8.0,test,test,test,test,test,0.32937965,0.0,0.2712115,0.0,0.55613726,1.0,0.096736215,0.0,0.23462841,0,0.2976186,False
90,130.0,TPANLKALEAQKQKEQR,0.0,N-terminal domain of Ribosomal protein L13,Alpha-2,serrano_1,-1.0,17.0,test,test,test,test,test,0.23815729,0.0,0.05994787,0.0,0.061138295,0.0,0.08681062,0.0,0.122401595,0,0.11369113,False
91,131.0,DQKEAALVDMVNDGVEDLRCKYATLIYT,0.0,Glutathione S Transeferase P domain II (Glutex),Alpha-4,serrano_1,-1.0,28.0,test,test,test,test,test,0.89440435,1.0,0.8709159,1.0,0.8820089,1.0,0.87427104,1.0,0.8454485,1,0.87340975,False
92,132.0,YEAGKEKYVKELPEHLKPFETLLSQ,0.0,Glutathione S Transeferase P domain II (Glutex),Alpha-5,serrano_1,-1.0,25.0,test,test,test,test,test,0.7831702,1.0,0.67105097,1.0,0.6976255,1.0,0.68870497,1.0,0.63653064,1,0.69541645,False
93,133.0,QISFADYNLLDLLRIHQVLN,1.0,Glutathione S Transeferase P domain II (Glutex),Alpha-6,serrano_1,-1.0,20.0,test,test,test,test,test,0.957098,1.0,0.9382998,1.0,0.9421803,1.0,0.96148586,1.0,0.952351,1,0.95028293,True
94,134.0,PLLSAYVARLSA,0.0,Glutathione S Transeferase P domain II (Glutex),Alpha-7,serrano_1,-1.0,12.0,test,test,test,test,test,0.7811085,1.0,0.7421317,1.0,0.83848184,1.0,0.6737522,1.0,0.757771,1,0.75864905,False
95,135.0,PKIKAFLA,0.0,Glutathione S Transeferase P domain II (Glutex),Alpha-8,serrano_1,-1.0,8.0,test,test,test,test,test,0.47328806,1.0,0.1770905,0.0,0.51827514,1.0,0.38951853,0.0,0.28407755,0,0.36844996,False
96,136.0,AYVKKLDSGTGKELVLAL,0.0,Spectrin SH3,M-2,serrano_1,-1.0,18.0,test,test,test,test,test,0.87344426,1.0,0.7984014,1.0,0.9002446,1.0,0.8091551,1.0,0.8134819,1,0.8389454,False
97,137.0,YDYQEKSPREVTMKKGD,0.0,Spectrin SH4,M-4,serrano_1,-1.0,17.0,test,test,test,test,test,0.45084694,1.0,0.4126541,0.0,0.31104767,0.0,0.48202664,1.0,0.24283525,0,0.37988213,False
98,138.0,DILTLLNSTNKDWWKVEVND,1.0,Spectrin SH5,M-8,serrano_1,-1.0,20.0,test,test,test,test,test,0.8804778,1.0,0.92718875,1.0,0.94314945,1.0,0.9028578,1.0,0.8960494,1,0.90994465,True
99,139.0,GGKDWWKVGG,0.0,Spectrin SH6,M-C,serrano_1,-1.0,10.0,test,test,test,test,test,0.6330785,1.0,0.74210685,1.0,0.688017,1.0,0.66204345,1.0,0.6744229,1,0.6799338,False
100,140.0,DWWKVEVNDRQGFVPA,1.0,Spectrin SH7,M-6,serrano_1,-1.0,16.0,test,test,test,test,test,0.9259112,1.0,0.97102565,1.0,0.95356214,1.0,0.9551899,1.0,0.97248536,1,0.9556349,True
101,141.0,DILTLLNSTNKDWWKVEVNDRQGFVPA,1.0,Spectrin SH8,M-68,serrano_1,-1.0,27.0,test,test,test,test,test,0.9765901,1.0,0.98178315,1.0,0.98584926,1.0,0.9870807,1.0,0.9763002,1,0.98152065,True
102,142.0,DILTLLNSTNKDWWKVEVNDRQGFVPA,0.0,Spectrin SH9,M-681,serrano_1,-1.0,27.0,test,test,test,test,test,0.9765901,1.0,0.98178315,1.0,0.98584926,1.0,0.9870807,1.0,0.9763002,1,0.98152065,False
103,143.0,VPSNEEQIKNLLQLEAQEHLQY,0.0,Ada-2h,H1-Wt,serrano_1,-1.0,22.0,test,test,test,test,test,0.8647624,1.0,0.75793076,1.0,0.7617886,1.0,0.78755313,1.0,0.7123855,1,0.7768841,False
104,144.0,VPSNEEQIKKLLELEAKKHLQY,0.0,Ada-2h,H1-Mt,serrano_1,-1.0,22.0,test,test,test,test,test,0.8054068,1.0,0.6780129,1.0,0.69727373,1.0,0.6890151,1.0,0.6296084,1,0.6998634,False
105,145.0,FVNVQAVKVFLESQGIAY,1.0,Ada-2h,H2-WT,serrano_1,-1.0,18.0,test,test,test,test,test,0.9608172,1.0,0.95525014,1.0,0.9737934,1.0,0.96663034,1.0,0.9783932,1,0.9669768,True
106,146.0,FVNVEAVKAFLEAHGIAY,1.0,Ada-2h,H2-Mt,serrano_1,-1.0,18.0,test,test,test,test,test,0.9816091,1.0,0.96438134,1.0,0.9759922,1.0,0.9727843,1.0,0.9827424,1,0.97550184,True
107,147.0,AVGKSNLLSRYARNEFSA,0.0,Ara,Ara1,serrano_1,-1.0,18.0,test,test,test,test,test,0.61707413,1.0,0.38952366,0.0,0.32570815,0.0,0.39708504,0.0,0.3843367,0,0.42274553,False
108,148.0,RFRAVTSAYYRGAVG,0.0,Ara,Ara2,serrano_1,-1.0,15.0,test,test,test,test,test,0.8104173,1.0,0.8276262,1.0,0.84914076,1.0,0.8565589,1.0,0.811195,1,0.83098763,False
109,149.0,TRRTTFESVGRWLDELKIHSD,0.0,Ara,Ara3,serrano_1,-1.0,21.0,test,test,test,test,test,0.7508442,1.0,0.68627846,1.0,0.6689588,1.0,0.7334554,1.0,0.6373596,1,0.6953793,False
110,150.0,AVSVEEGKALAEEEGLF,0.0,Ara,Ara4,serrano_1,-1.0,17.0,test,test,test,test,test,0.79119736,1.0,0.722809,1.0,0.7804292,1.0,0.6337627,1.0,0.6094134,1,0.70752233,False
111,151.0,STNVKTAFEMVILDIYNNV,1.0,Ara,Ara5,serrano_1,-1.0,19.0,test,test,test,test,test,0.91951966,1.0,0.8758358,1.0,0.8543253,1.0,0.88082415,1.0,0.8659908,1,0.87929916,True
112,152.0,DHPAVMEGTKTILETDSNLS,0.0,Com-A,ComA1,serrano_1,-1.0,20.0,test,test,test,test,test,0.51898175,1.0,0.42821473,0.0,0.29074302,0.0,0.31861216,0.0,0.31714502,0,0.37473935,False
113,153.0,EPSEQFIKQHDFSSY,0.0,Com-A,ComA2,serrano_1,-1.0,15.0,test,test,test,test,test,0.44754815,1.0,0.3511526,0.0,0.36039132,0.0,0.32371628,0.0,0.31090784,0,0.35874325,False
114,154.0,VNGMELSKQILQENPH,0.0,Com-A,ComA3,serrano_1,-1.0,16.0,test,test,test,test,test,0.62710786,1.0,0.4574553,0.0,0.54007304,1.0,0.58671653,1.0,0.46906275,1,0.5360831,False
115,155.0,EVEDYFEEAIRAGLH,0.0,Com-A,ComA4,serrano_1,-1.0,15.0,test,test,test,test,test,0.75561005,1.0,0.7233205,1.0,0.6293424,1.0,0.7246021,1.0,0.67790455,1,0.7021559,False
116,156.0,TESKEKITQYIYHVLNGEIL,1.0,Com-A,ComA5,serrano_1,-1.0,20.0,test,test,test,test,test,0.8940217,1.0,0.81813514,1.0,0.8398749,1.0,0.81327766,1.0,0.7980619,1,0.8326742,True
117,157.0,DFSTMRRIVRNLLKELGYN,0.0,CheY,Che-Y1,serrano_1,-1.0,19.0,test,test,test,test,test,0.96017903,1.0,0.95154643,1.0,0.9210841,1.0,0.95713246,1.0,0.9246347,1,0.9429153,False
118,158.0,EDGVDALNKLQAGGY,0.0,CheY,Che-Y2,serrano_1,-1.0,15.0,test,test,test,test,test,0.37795028,0.0,0.18592623,0.0,0.21218109,0.0,0.24922593,0.0,0.15120137,0,0.235297,False
119,159.0,MDGLELLKTIRADSAY,0.0,CheY,Che-Y3,serrano_1,-1.0,16.0,test,test,test,test,test,0.7251025,1.0,0.5009719,1.0,0.5821942,1.0,0.47689492,1.0,0.40315723,0,0.5376641,False
120,160.0,AKKENIIAAAQAGASGY,1.0,CheY,Che-Y4,serrano_1,-1.0,17.0,test,test,test,test,test,0.73572344,1.0,0.7048271,1.0,0.8017086,1.0,0.7169019,1.0,0.73426014,1,0.73868424,True
121,161.0,PFTAATLEEKLNKIFEKLGMY,1.0,CheY,Che-Y5,serrano_1,-1.0,21.0,test,test,test,test,test,0.945169,1.0,0.9000239,1.0,0.8920636,1.0,0.90389574,1.0,0.85454595,1,0.8991397,True
122,162.0,GTGNTEKMAELIAKGIIESGKDY,0.0,Flavodoxin,FXN1,serrano_1,-1.0,23.0,test,test,test,test,test,0.8331089,1.0,0.71893716,1.0,0.72564614,1.0,0.70810807,1.0,0.6993564,1,0.73703134,False
123,163.0,EESEFEPFIEEISTKISY,0.0,Flavodoxin,FXN3,serrano_1,-1.0,18.0,test,test,test,test,test,0.64208275,1.0,0.62310416,1.0,0.5128076,1.0,0.50346404,1.0,0.4475695,1,0.5458056,False
124,164.0,GDGKWMRDFEQRMNGYGSV,0.0,Flavodoxin,FXN4,serrano_1,-1.0,19.0,test,test,test,test,test,0.4888773,1.0,0.672945,1.0,0.5111777,1.0,0.6481723,1.0,0.58410305,1,0.5810551,False
125,165.0,EPDEAEQDSIEFGKKIANIY,0.0,Flavodoxin,FXN5,serrano_1,-1.0,20.0,test,test,test,test,test,0.51771414,1.0,0.44109058,0.0,0.45271152,1.0,0.37466198,0.0,0.34673995,0,0.42658368,False
126,166.0,GVGKSALTIQLIQNHFVY,1.0,P21-ras,P21A,serrano_1,-1.0,18.0,test,test,test,test,test,0.97006005,1.0,0.93348646,1.0,0.90352476,1.0,0.97057104,1.0,0.95634365,1,0.9467972,True
127,167.0,EYSAMRDQYMRTGEG,0.0,P21-ras,P21B,serrano_1,-1.0,15.0,test,test,test,test,test,0.19118728,0.0,0.13474248,0.0,0.088350095,0.0,0.12494525,0.0,0.090387054,0,0.12592243,False
128,168.0,INNTKSFEDIHQYREQIKRVKDS,0.0,P21-ras,P21C,serrano_1,-1.0,23.0,test,test,test,test,test,0.73831373,1.0,0.6593926,1.0,0.6034903,1.0,0.727541,1.0,0.57368445,1,0.66048443,False
129,169.0,ARTVESRQAQDLARSYGIP,0.0,P21-ras,P21D,serrano_1,-1.0,19.0,test,test,test,test,test,0.42172146,1.0,0.32114506,0.0,0.30158043,0.0,0.426378,0.0,0.28801417,0,0.35176784,False
130,170.0,RQGVEDAFYTLVREIRQHK,1.0,P21-ras,P21E,serrano_1,-1.0,19.0,test,test,test,test,test,0.9280299,1.0,0.8471639,1.0,0.8540432,1.0,0.92186046,1.0,0.85264075,1,0.8807477,True
131,171.0,VTIKANLIFANGFTQTAEFKG,1.0,PL-B1,PL-B1-95,serrano_1,-1.0,21.0,test,test,test,test,test,0.91614217,1.0,0.9360355,1.0,0.92110753,1.0,0.9387551,1.0,0.9186944,1,0.92614686,True
132,172.0,KGTFEKATSEAYAYADTLKKDNGEY,1.0,PL-B3,PL-B1-114,serrano_1,-1.0,25.0,test,test,test,test,test,0.5541927,1.0,0.4199796,0.0,0.41362116,0.0,0.35353887,0.0,0.37183607,0,0.4226337,True
133,173.0,GEYTVDVADKGYTLNIKFAGD,1.0,PL-B5,PL-B1-136,serrano_1,-1.0,21.0,test,test,test,test,test,0.9502115,1.0,0.9626868,1.0,0.9665904,1.0,0.9487989,1.0,0.9638821,1,0.9584339,True
134,174.0,TYKLINGKTLKGETTTEA,0.0,Protein_G,ProteinG2-19,serrano_1,-1.0,18.0,test,test,test,test,test,0.48162797,1.0,0.58535004,1.0,0.6094341,1.0,0.5168683,1.0,0.43985838,1,0.5266278,False
135,175.0,GDAATAEKVFKQYANDNGVD,0.0,Protein_G,ProteinG21-40,serrano_1,-1.0,20.0,test,test,test,test,test,0.43453288,1.0,0.43127266,0.0,0.44585627,1.0,0.4552395,1.0,0.38886106,0,0.4311525,False
136,177.0,QGGGTHSQWN,0.0,human prion protein,1-10,serrano_2,-1.0,10.0,test,test,test,test,test,0.0011150369,0.0,0.03328764,0.0,0.0060969014,0.0,0.059665892,0.0,0.053911697,0,0.030815434,False
137,178.0,HSQWNKPSKP,0.0,human prion protein,6-15,serrano_2,-1.0,10.0,test,test,test,test,test,0.010439618,0.0,0.002802916,0.0,0.01439472,0.0,0.018509788,0.0,0.022834107,0,0.01379623,False
138,179.0,KPSKPKTNMK,0.0,human prion protein,11-20,serrano_2,-1.0,10.0,test,test,test,test,test,0.0821655,0.0,0.026199084,0.0,0.03239926,0.0,0.027399134,0.0,0.09988729,0,0.053610057,False
139,180.0,KTNMKHMAGA,0.0,human prion protein,16-25,serrano_2,-1.0,10.0,test,test,test,test,test,0.14833158,0.0,0.17473447,0.0,0.052603237,0.0,0.14267296,0.0,0.12426284,0,0.12852101,False
140,181.0,HMAGAAAAGA,0.0,human prion protein,21-30,serrano_2,-1.0,10.0,test,test,test,test,test,0.03365328,0.0,0.16161525,0.0,0.059257176,0.0,0.05010853,0.0,0.2110358,0,0.103134,False
141,182.0,AAAGAVVGGL,0.0,human prion protein,26-35,serrano_2,-1.0,10.0,test,test,test,test,test,0.8185494,1.0,0.8301163,1.0,0.9373412,1.0,0.84825855,1.0,0.8723638,1,0.86132586,False
142,183.0,VVGGLGGYML,0.0,human prion protein,31-40,serrano_2,-1.0,10.0,test,test,test,test,test,0.83547705,1.0,0.8347685,1.0,0.88089824,1.0,0.74431956,1.0,0.8914678,1,0.83738625,False
143,185.0,GSAMSRPIIH,0.0,human prion protein,41-50,serrano_2,-1.0,10.0,test,test,test,test,test,0.2118309,0.0,0.17092124,0.0,0.09546498,0.0,0.11234972,0.0,0.10883875,0,0.13988112,False
144,186.0,FGSDYEDRYY,0.0,human prion protein,51-60,serrano_2,-1.0,10.0,test,test,test,test,test,0.010404871,0.0,0.024819924,0.0,0.019248312,0.0,0.012190519,0.0,0.028431894,0,0.019019103,False
145,187.0,EDRYYRENMH,0.0,human prion protein,56-65,serrano_2,-1.0,10.0,test,test,test,test,test,0.05204714,0.0,0.04366427,0.0,0.025596563,0.0,0.08337206,0.0,0.09060768,0,0.05905754,False
146,188.0,RENMHRYPNQ,0.0,human prion protein,61-70,serrano_2,-1.0,10.0,test,test,test,test,test,0.053653415,0.0,0.12218918,0.0,0.04092884,0.0,0.14009565,0.0,0.06034762,0,0.08344294,False
147,189.0,RYPNQVYYRP,0.0,human prion protein,66-75,serrano_2,-1.0,10.0,test,test,test,test,test,0.56675065,1.0,0.6310123,1.0,0.20597893,0.0,0.62522495,1.0,0.5440304,1,0.51459944,False
148,190.0,VYYRPMDEYS,0.0,human prion protein,71-80,serrano_2,-1.0,10.0,test,test,test,test,test,0.13923092,0.0,0.2683668,0.0,0.0683552,0.0,0.30102432,0.0,0.10458599,0,0.17631266,False
149,194.0,NITIKQHTVT,0.0,human prion protein,91-100,serrano_2,-1.0,10.0,test,test,test,test,test,0.6253111,1.0,0.6326623,1.0,0.65844333,1.0,0.59775674,1.0,0.48161238,1,0.5991572,False
150,195.0,QHTVTTTTKG,0.0,human prion protein,96-105,serrano_2,-1.0,10.0,test,test,test,test,test,0.045749187,0.0,0.06686032,0.0,0.00848531,0.0,0.014876917,0.0,0.081027545,0,0.043399855,False
151,197.0,ENFTETDVKM,0.0,human prion protein,106-115,serrano_2,-1.0,10.0,test,test,test,test,test,0.07084529,0.0,0.14429103,0.0,0.0422253,0.0,0.13866779,0.0,0.09094474,0,0.097394824,False
152,198.0,TDVKMMERVV,0.0,human prion protein,111-120,serrano_2,-1.0,10.0,test,test,test,test,test,0.6193678,1.0,0.5908747,1.0,0.41085297,0.0,0.57291436,1.0,0.47860703,1,0.53452337,False
153,199.0,MERVVEQMCI,0.0,human prion protein,116-125,serrano_2,-1.0,10.0,test,test,test,test,test,0.7572323,1.0,0.80015475,1.0,0.6389384,1.0,0.74404633,1.0,0.6403483,1,0.71614397,False
154,200.0,EQMCITQYER,0.0,human prion protein,121-130,serrano_2,-1.0,10.0,test,test,test,test,test,0.48361385,1.0,0.4517844,0.0,0.36888614,0.0,0.44112882,1.0,0.4238529,0,0.43385324,False
155,201.0,TQYERESQAY,0.0,human prion protein,126-135,serrano_2,-1.0,10.0,test,test,test,test,test,0.015274836,0.0,0.032629102,0.0,0.04284647,0.0,0.03669821,0.0,0.06410412,0,0.03831055,False
156,202.0,ESQAYYQRGS,0.0,human prion protein,131-140,serrano_2,-1.0,10.0,test,test,test,test,test,0.04492411,0.0,0.07414211,0.0,0.0434302,0.0,0.13408068,0.0,0.07055014,0,0.07342545,False
157,203.0,YQRGSSMVLF,0.0,human prion protein,136-145,serrano_2,-1.0,10.0,test,test,test,test,test,0.82503337,1.0,0.7893087,1.0,0.5629834,1.0,0.8389381,1.0,0.69544613,1,0.74234194,False
