,sequence,res_value_bool,name,length,frag_len
0,LPICPGGAARCQVTLRDLFDRAVVLSHYIHNLSSEMFSEFDKRYTHGRGF,00000011111111111111111111111111110000000011111111, Prolactin__AP00001,199,50
1,ITKAINSCHTSSLATPEDKEQAQQMNQKDFLSLIVSILRSWNEPLYHLVT,11111110000000000000000000000000000000000000000000, Prolactin__AP00001,199,50
2,EVRGMQEAPEAILSKAVEIEEQTKRLLEGMELIVSQVHPETKENEIYPVW,00000000000000000000000000000000000000000000000000, Prolactin__AP00001,199,50
3,SGLPSLQMADEESRLSAYYNLLHCLRRDSHKIDNYLKLLKCRIIHNNNC,0000000000000000000000000000000000000000000000000, Prolactin__AP00001,199,49
4,KNTMEHVSSSEESIISQETYKQEKNMAINPSKENLCSTFCKEVVRNANEE,00000000000000000000000000000000000000000000000000, Alpha-s2-casein__AP00004,207,50
5,EYSIGSSSEESAEVATEEVKITVDDKHYQKALNEINQFYQKFPQYLQYLY,00000000000000000000000000000011111111111111111111, Alpha-s2-casein__AP00004,207,50
6,QGPIVLNPWDQVKRNAVPITPTLNREQLSTSEENSKKTVDMESTEVFTKK,11111111111111111111111110000000000000000000000000, Alpha-s2-casein__AP00004,207,50
7,TKLTEEEKNRLNFLKKISQRYQKFALPQYLKTVYQHQKAMKPWIQPKTKV,00000000000000000000000000000000000000000000000000, Alpha-s2-casein__AP00004,207,50
8,IPYVRYL,0000000, Alpha-s2-casein__AP00004,207,7
9,RSFFSFLGEAFDGARDMWRAYSDMREANYIGSDKYFHARGNYDAAKRGPG,11111111111111111111111111100000000000000000000000, Serum_Amyloid_A-1__AP00005,104,50
10,GVWAAEAISDARENIQRFFGHGAEDSLADQAANEWGRSGKDPNHFRPAGL,00000000000000000000000000000000000000000000000000, Serum_Amyloid_A-1__AP00005,104,50
11,PEKY,0000, Serum_Amyloid_A-1__AP00005,104,4
12,TQQPQQDEMPSPTFLTQVKESLSSYWESAKTAAQNLYEKTYLPAVDEKLR,00000000000000000000000000000000000000000000000000, Apoliprotein__AP00020,79,50
13,DLYSKSTAAMSTYTGIFTDQVLSVLKGEE,00000000011111111111000000000, Apoliprotein__AP00020,79,29
14,APLIPQRLMSASNSNELLLNLNNGQLLPLQLQGPLNSWIPPFSGILQQQQ,00000000000000000000000000000000000000000000000000, Odontogenic_ameloblast-associated_protein__AP00021,264,50
15,QAQIPGLSQFSLSALDQFAGLLPNQIPLTGEASFAQGAQAGQVDPLQLQT,00000000000000000000000000000000000000000000000000, Odontogenic_ameloblast-associated_protein__AP00021,264,50
16,PPQTQPGPSHVMPYVFSFKMPQEQGQMFQYYPVYMVLPWEQPQQTVPRSP,00000000000111111111111111111111111111111111111111, Odontogenic_ameloblast-associated_protein__AP00021,264,50
17,QQTRQQQYEEQIPFYAQFGYIPQLAEPAISGGQQQLAFDPQLGTAPEIAV,11111110000000000000000000000000000000000000000000, Odontogenic_ameloblast-associated_protein__AP00021,264,50
18,MSTGEEIPYLQKEAINFRHDSAGVFMPSTSPKPSTTNVFTSAVDQTITPE,00000000000000000000000000000000000000000000000000, Odontogenic_ameloblast-associated_protein__AP00021,264,50
19,LPEEKDKTDSLREP,00000000000000, Odontogenic_ameloblast-associated_protein__AP00021,264,14
20,LIVTQTMKGLDIQKVAGTWYSLAMAASDISLLDAQSAPLRVYVEELKPTP,00000000001111111111000000000000000000000000000000, Beta-lactoglobulin__AP00025,162,50
21,EGDLEILLQKWENGECAQKKIIAEKTKIPAVFKIDALNENKVLVLDTDYK,00000000000000000000000000000000000000000000000000, Beta-lactoglobulin__AP00025,162,50
22,KYLLFCMENSAEPEQSLACQCLVRTPEVDDEALEKFDKALKALPMHIRLS,11111111110000011111111111000000000000000000011111, Beta-lactoglobulin__AP00025,162,50
23,FNPTQLEEQCHI,110000000000, Beta-lactoglobulin__AP00025,162,12
24,GLSDGEWQQVLNVWGKVEADIAGHGQEVLIRLFTGHPETLEKFDKFKHLK,11111111111111111111111111111000000000000000000000, Apomyoglobin__AP00030,153,50
25,TEAEMKASEDLKKHGTVVLTALGGILKKKGHHEAELKPLAQSHATKHKIP,00000000000000000000000000000000000000000000000000, Apomyoglobin__AP00030,153,50
26,IKYLEFISDAIIHVLHSKHPGDFGADAQGAMTKALELFRNDIAAKYKELG,11111111111111111100000000000000000000000000000000, Apomyoglobin__AP00030,153,50
27,FQG,000, Apomyoglobin__AP00030,153,3
28,GETDPNTQLLNDLGNNMAWGAALGAPGGLGSAALGAAGGALQTVGQGLID,00000000000000000000000000000000000000000000000000, Microcin_E492__AP00040,84,50
29,HGPVNVPIPVLIGPSWNGSGSGYNSATSSSGSGS,0001111111111000000000000000000000, Microcin_E492__AP00040,84,34
30,MNSLNTQLGANSSFFQVDPGQNTQSSPNQGNQGISEKQLDQLLTQLIMAL,00000000000000000000000000000011111111111111111111, Elicitor_of_hypersensitive_response_HpaG__AP00071,133,50
31,LQQSNNAEQGQGQGQGGDSGGQGGNPRQAGQSNGSPSQYTQALMNIVGDI,11100000000000000000000000000000000000000000000000, Elicitor_of_hypersensitive_response_HpaG__AP00071,133,50
32,LQAQNGGGFGGGFGGGFGGILVTSLASDTGSMQ,000000000000000000000000000000000, Elicitor_of_hypersensitive_response_HpaG__AP00071,133,33
33,MALLDFFLSRKKNTANIAKERLQIIVAERRRSDAEPHYLPQLRKDILEVI,00000000000000000011111111110000000000000000000000, Cell_division_topological_specificity_factor__AP00074,88,50
34,CKYVQIDPEMVTVQLEQKDGDISILELNVTLPEAEELK,00000000000000000000000000000000000000, Cell_division_topological_specificity_factor__AP00074,88,38
35,MKAFSPVRSVRKNSLSDHSLGISRSKTPVDDPMSLLYNMNDCYSKLKELV,00000000000000000000000000000000000000000000000000, DNA-binding_protein_inhibitor_ID-2__AP00076,134,50
36,PSIPQNKKVSKMEILQHVIDYILDLQIALDSHPTIVSLHHQRPGQNQASR,00000000000000000000000000000000000000000000000000, DNA-binding_protein_inhibitor_ID-2__AP00076,134,50
37,TPLTTLNTDISILSLQASEFPSELMSNDSKALCG,0011111111111111111111110000000000, DNA-binding_protein_inhibitor_ID-2__AP00076,134,34
38,MYSFVSEETGTLIVNSVLLFLAFVVFLLVTLAILTALRLCAYCCNIVNVS,00000000000000000000000000000000000000000000000000, Envelope_small_membrane_protein__AP00080,76,50
39,LVKPTVYVYSRVKNLNSSEGVPDLLV,00001111111110000000000000, Envelope_small_membrane_protein__AP00080,76,26
40,RTAQLRKANDQSGRCQYTFSVASPNESSCPEQSQAMSVIHNLQRDSSTQR,00000000000000000000000000000000000000000000000000, Myocilin__AP00090,472,50
41,LDLEATKARLSSLESLLHQLTLDQAARPQETQEGLQRELGTLRRERDQLE,00000000000000000000000000000000000000000000001111, Myocilin__AP00090,472,50
42,TQTRELETAYSNLLRDKSVLEEEKKRLRQENENLARRLESSSQEVARLRR,11111111111111110000000000000000000000000000000000, Myocilin__AP00090,472,50
43,GQCPQTRDTARAVPPGSREVSTWNLDTLAFQELKSELTEVPASRILKESP,00000000000000000000000000000000000000000000011111, Myocilin__AP00090,472,50
44,SGYLRSGEGDTGCGELVWVGEPLTLRTAETITGKYGVWMRDPKPTYPYTQ,11111111111100000000000000000000000000000000000000, Myocilin__AP00090,472,50
45,ETTWRIDTVGTDVRQVFEYDLISQFMQGYPSKVHILPRPLESTGAVVYSG,00000000000000000000000000000000000000000001111111, Myocilin__AP00090,472,50
46,SLYFQGAESRTVIRYELNTETVKAEKEIPGAGYHGQFPYSWGGYTDIDLA,11111000000000000000000000000000000000000000000000, Myocilin__AP00090,472,50
47,VDEAGLWVIYSTDEAKGAIVLSKLNPENLELEQTWETNIRKQSVANAFII,00000000000000000000000000000000000000000001111111, Myocilin__AP00090,472,50
48,CGTLYTVSSYTSADATVNFAYDTGTGISKTLTIPFKNRYKYSSMIDYNPL,11111111110000000000000000000000000000000000000000, Myocilin__AP00090,472,50
49,EKKLFAWDNLNMVTYDIKLSKM,0000000000000000000000, Myocilin__AP00090,472,22
50,GSIGAASMEFCFDVFKELKVHHANENIFYCPIAIMSALAMVYLGAKDSTR,00000000000000000000000000000001111111111110000000, Ovalbumin__AP00094,385,50
51,TQINKVVRFDKLPGFGDSIEAQCGTSVNVHSSLRDILNQITKPNDVYSFS,00000000000000000000000000000000000000000000000000, Ovalbumin__AP00094,385,50
52,LASRLYAEERYPILPEYLQCVKELYRGGLEPINFQTAADQARELINSWVE,00000000000000000000000000000000000000000000000000, Ovalbumin__AP00094,385,50
53,SQTNGIIRNVLQPSSVDSQTAMVLVNAIVFKGLWEKAFKDEDTQAMPFRV,00000000000000000000011111111110000000000000000000, Ovalbumin__AP00094,385,50
54,TEQESKPVQMMYQIGLFRVASMASEKMKILELPFASGTMSMLVLLPDEVS,00000000000000000000000000000000000000000000000000, Ovalbumin__AP00094,385,50
55,GLEQLESIINFEKLTEWTSSNVMEERKIKVYLPRMKMEEKYNLTSVLMAM,00000000000000000000000000000000000000000000000000, Ovalbumin__AP00094,385,50
56,GITDVFSSSANLSGISSAESLKISQAVHAAHAEINEAGREVVGSAEAGVD,00000000000000000000000000000000000000000000000000, Ovalbumin__AP00094,385,50
57,AASVSEEFRADHPFLFCIKHIATNAVLFFGRCVSP,00000000000001111111111111111110000, Ovalbumin__AP00094,385,35
58,GPAKSPYQLVLQHSRLRGRQHGPNVCAVQKVIGTNRKYFTNCKQWYQRKI,00000000000000000000000000000000000000000000000000, Kerato-epithelin__AP00095,660,50
59,CGKSTVISYECCPGYEKVPGEKGCPAALPLSNLYETLGVVGSTTTQLYTD,00000000000000000000000000000000000000000000000000, Kerato-epithelin__AP00095,660,50
60,RTEKLRPEMEGPGSFTIFAPSNEAWASLPAEVLDSLVSNVNIELLNALRY,00000000000000000000000000000000000000000000000000, Kerato-epithelin__AP00095,660,50
61,HMVGRRVLTDELKHGMTLTSMYQNSNIQIHHYPNGIVTVNCARLLKADHH,00000000000000000000000000000000000000000000000000, Kerato-epithelin__AP00095,660,50
62,ATNGVVHLIDKVISTITNNIQQIIEIEDTFETLRAAVAASGLNTMLEGNG,00000000000000000000000000000000000000000000000000, Kerato-epithelin__AP00095,660,50
63,QYTLLAPTNEAFEKIPSETLNRILGDPEALRDLLNNHILKSAMCAEAIVA,00000000000000000000000000000000000000000000000000, Kerato-epithelin__AP00095,660,50
64,GLSVETLEGTTLEVGCSGDMLTINGKAIISNKDILATNGVIHYIDELLIP,00000000000000000000000000000000000000000000000000, Kerato-epithelin__AP00095,660,50
65,DSAKTLFELAAESDVSTAIDLFRQAGLGNHLSGSERLTLLAPLNSVFKDG,00000000000000000000000000000000000000000000000000, Kerato-epithelin__AP00095,660,50
66,TPPIDAHTRNLLRNHIIKDQLASKYLYHGQTLETLGGKKLRVFVYRNSLC,00000000000000000000000000000000000000000000000000, Kerato-epithelin__AP00095,660,50
67,IENSCIAAHDKRGRYGTLFTMDRVLTPPMGTVMDVLKGDNRFSMLVAAIQ,00000000000000000000000000000000000000000111111111, Kerato-epithelin__AP00095,660,50
68,SAGLTETLNREGVYTVFAPTNETFRALPPRERSRLLGDAKELANILKYHI,11111111100000000000000000000000000000000000000111, Kerato-epithelin__AP00095,660,50
69,GDEILVSGGIGALVRLKSLQGDKLEVSLKNNVVSVNKEPVAEPDIMATNG,11111111111111100000000000000000000001111111111111, Kerato-epithelin__AP00095,660,50
70,VVHVITNVLQPPANRPQERGDELADSALEIFKQASAFSRASQRSVRLAPV,11111111111111111110000000000000000000000000000000, Kerato-epithelin__AP00095,660,50
71,YQKLLERMKH,0000000000, Kerato-epithelin__AP00095,660,10
72,MMCGAPSATQPATAETQHIADQVRSQLEEKENKKFPVFKAVSFKSQVVAG,00000000000000000000000000000000000000111111111111, Cystatin_B__AP00101,98,50
73,TNYFIKVHVGDEDFVHLRVFQSLPHENKPLTLSNYQTNKAKHDELTYF,111111111000011111111000000001111111100000001111, Cystatin_B__AP00101,98,48
74,IGELAFNLGVKNNDGTCKSTSDYETELQALKSYTSTVKVYAASDCNTLQN,00000000000000000000000000000000000000000000000000, Glucan_1_3-beta-glucosidase__AP00110,290,50
75,LGPAAEAEGFTIFVGVWPTDDSHYAAEKAALQTYLPKIKESTVAGFLVGS,00000011111111110000000000000000000000000000000000, Glucan_1_3-beta-glucosidase__AP00110,290,50
76,EALYRNDLTASQLSDKINDVRSVVADISDSDGKSYSGKQVGTVDSWNVLV,00000000000000000000000000000000000000000011111111, Glucan_1_3-beta-glucosidase__AP00110,290,50
77,AGYNSAVIEASDFVMANAFSYWQGQTMQNASYSFFDDIMQALQVIQSTKG,11000000000001111111111000000000000000000000000000, Glucan_1_3-beta-glucosidase__AP00110,290,50
78,STDITFWVGETGWPTDGTNFESSYPSVDNAKQFWKEGICSMRAWGVNVIV,00000000000000000000000000000000000000000000000000, Glucan_1_3-beta-glucosidase__AP00110,290,50
79,FEAFDEDWKPNTSGTSDVEKHWGVFTSSDNLKYSLDCDFS,0000000000000000000000000000000000000000, Glucan_1_3-beta-glucosidase__AP00110,290,40
80,MGQEQDTPWILSTGHISTQKRQDGQQTPKLEHRNSTRLMGHCQKTMNQVV,00000000000000000000000000000000000000000000000000, PB1_F2csv__AP00125,87,50
81,MPKQIVYWKQWLSLRNPILVFLKTRVLKRWRLFSKHE,0011111111111111111111111111111111111, PB1_F2csv__AP00125,87,37
82,QAKEPCVESLVSQYFQTVTDYGKDLMEKVKSPELQAEAKSYFEKSKEQLT,00000000000000000000000000000000000000000000000000, ApoAII__AP00127,98,50
83,PLIKKAGTELVNFLSYFVELGTQPATQRSVQTIVFQPQLASRTPTGQS,000000000000000000000000000111111111111111111111, ApoAII__AP00127,98,48
84,FGIPCCPVHLKRLLIVVVVVVLIVVVIVGALLMGL,00000000111111111111111111111111110, Lung_Surfactant__AP00130,35,35
85,IGDDSGPVSANGNGASQYFGNSMTTGNMSPQMALIQGSFNKPCIAVSDIP,00000000001111111111111111111111111111111100000000, RdIB_protein__AP00133,105,50
86,VSVIGLVPIQDLNVLGDDMNQQCAENSTQAKRDGALAHLLEDVSILSSNG,00000000000000000000000000000000000000000000000000, RdIB_protein__AP00133,105,50
87,EGGKG,00000, RdIB_protein__AP00133,105,5
88,MSNVPHKSSLPEGIRPGTVLRIRGLVPPNASRFHVNLLCGEEQGSDAALH,00000000000000000000000000000011111111111111111111, Galectin-7__AP00139,136,50
89,FNPRLDTSEVVFNSKEQGSWGREERGPGVPFQRGQPFEVLIIASDDGFKA,11111111111111111000000000000000000000000000000000, Galectin-7__AP00139,136,50
90,VVGDAQYHHFRHRLPLARVRLVEVGGDVQLDSVRIF,000000000000000000011111111111111111, Galectin-7__AP00139,136,36
