,sequence,len,value_bool
0,KKQETSSRIMRLVGL,15,0
1,KKL,3,0
2,KKFINSSR,8,1
3,KNYMIVINDAFWFW,14,1
4,KNYCTFLNGLRDFSNSCWVS,20,1
5,KNWFYTLYMVWSEQ,14,1
6,KNFINCICTLKLNFTRLLGL,20,1
7,KTKIFYTYELPTV,13,0
8,KTTRKDQYFSGCMTNNYHIC,20,1
9,KTVNYFSRCMAWKEMAYHGY,20,0
10,KRSSYSVSYQ,10,0
11,KSKFNYMYVKFRHFM,15,0
12,KSRPSSKYYIFN,12,1
13,KSVVMCSSMFASVLKASMTW,20,1
14,KSYKGGRAYWFIICSVNCP,19,1
15,KSCVCFLRLCVLI,13,0
16,KINVLLSFMTLTTHICDSRY,20,1
17,KILFMDLCVNYFCYGWVMEV,20,1
18,KIAIIDIKEYA,11,0
19,KIVITTINYFVSHSDIWI,18,1
20,KISWCTTF,8,1
21,KIFFYFRLC,9,1
22,KPIYTACSLVCMFLN,15,1
23,KRSVGILCCILFFMKFFRWM,20,1
24,KLTYDQLSGYSCCLILYYFI,20,1
25,KLANWDVINFTTLMVFFCM,19,1
26,KECNHLMWWAGWRSRMSGRV,20,0
27,KDRYR,5,0
28,KDCYFFTYGINRFKNDYLEA,20,1
29,KAKYCFYWSCF,11,1
30,KAWWSSCRVFSC,12,0
31,KGDMWFSLAFSGSC,14,1
32,KGCISMYRKSIWINYFLCGC,20,1
33,KGEMDYCVINITTTFYFWVF,20,1
34,KGSKYVSKLSFQWFL,15,1
35,KVNCNLQSYYVI,12,1
36,KVWSDVFVAVFISSLCVNSR,20,1
37,KVFMLFFSFTC,11,1
38,KVRVFNDA,8,0
39,KVRFIRNLIRWISKIFTF,18,1
40,KVRNRGCYIWNDICYCERDF,20,1
41,KVRIIWFSRSVSKSRLFFKW,20,0
42,KVDQCISYKWIFKFCALYSA,20,0
43,KVCCFSL,7,1
44,K,1,0
45,K,1,0
46,K,1,0
47,K,1,1
48,K,1,0
49,KYSSWRCQTLSVDLTITHLY,20,1
50,KYIQCENCNWCDALWGWQCV,20,1
51,KYDTASFFSNGQWYMIYNCR,20,1
52,KYDLDFLCVATVPRLFFTGT,20,0
53,KYVMTILVMRFYFDCSISSS,20,0
54,KYSYLPCSDIFITCYSQERF,20,1
55,KYCKVLFIKYYVKGENGKDW,20,1
56,KYCLFLIWARFST,13,1
57,KSAINIRFGNCGFYGMFYN,19,1
58,KSKYNLDISWDTWWFNGNIR,20,1
59,KWISIGPVTFYKMVLVWNLL,20,1
60,KWSLLSGDSGLYINILMPFL,20,1
61,KCICFILDF,9,1
62,KLWW,4,1
63,KFNT,4,0
64,KFNSPWILWYFSTNSVWDFQ,20,1
65,KFPRRACAWYRLQRNQH,17,0
66,KFDIWNMWKFCDNFGTLERM,20,1
67,KFASGSYRL,9,1
68,KFVDCVGW,8,1
69,KFVYSFVYLSTINYNCNMVT,20,1
70,KFYRIFNLL,9,1
71,KFSEVKFE,8,1
72,KFLFMGYNKR,10,1
73,KFFFDKYILR,10,1
74,NKNVYKVRVINLFHMSSYSK,20,1
75,NKMNVKMEVKVGWFILCLEF,20,0
76,NKLVVCQYVVLVFSTGKVVS,20,1
77,NNTYLISYSFMIIVQSITFC,20,1
78,NNMFFTGQGSYSLIELELRM,20,1
79,NNILMRACTVSVKLNVYKAL,20,1
80,NNIFNSNS,8,0
81,NNRVLMRVYYIVYRIQNYID,20,1
82,NNLCNIFVCF,10,1
83,NNG,3,0
84,NNSCKNNMPEAMILASK,17,0
85,NNLFRAIVVLIYLCFAHRAP,20,1
86,NTNIFANFCIRYDVLSSHPL,20,1
87,NTFGSSNNFSLITYFVV,17,1
88,NTRTTVYSNFIGIMVYDLAL,20,1
89,NTMMVMEASS,10,0
90,NTATVIVNMF,10,1
91,NTFRIYGECNIEMFVDFRFV,20,1
92,NRNTQGYFLFSYLNFI,16,1
93,NRLGSLMCGDLLLNMSCYCI,20,1
94,NRSFPITPVNAVYVQSFVGR,20,1
95,NRCWLIYQSIICYNHYFATS,20,1
96,NSMTTGWDMFNGRSVIKIFR,20,0
97,NSFIVCTMVDMGDKFLRSLG,20,1
98,NMKFNG,6,0
99,NMIIIVCKTVHC,12,1
100,NMQYLCFESITYRTDYLGNI,20,0
101,NMLGTWYFCLPWWPY,15,1
102,NMESLSCMAFRRYNSVFLCM,20,1
103,NMLILVVVTM,10,0
104,NMFFERLYGLCLMSNFYCVM,20,1
105,NISFFMISGTCGKWNVQVHN,20,1
106,NIIVFRKRCLMSLYLNSRSC,20,0
107,NIQIELIDVYPLRNWGCIYK,20,1
108,NIYTMLLFVDAMNKICLLSA,20,1
109,NISYRSFSYWKFCGFPLFVC,20,0
110,NIWYTHPINMYQYGTG,16,1
111,NIWWTHWNIIEINNNFQHRR,20,1
112,NICRLYMIP,9,0
113,NILDLCVVNRFRRHCCSQCM,20,1
114,NQLNVYFSE,9,1
115,NPGKSFTCMFYKNVCFDHGK,20,0
116,NPFIKFNGCNCGIMHYSLLH,20,1
117,NRCARSINTCDWFDTLALRF,20,0
118,NRRVFLCYSHTMGIL,15,1
119,NRGTLRYLNDIMLISVCGHL,20,0
120,NRWSWMTRNTLLSSVLCLYF,20,1
121,NLRHISFYYFFCACPIRI,18,1
122,NLRFSMIVYDSAANAKRV,18,1
123,NLYYRQFVFEQYLCCSWFYD,20,1
124,NLLFMNRLTILELKDVEEYS,20,1
125,NLSLNDMPR,9,1
126,NELDWTCNDWINLKFLGCVL,20,1
127,NDNDIYFQASPDSVPRNASI,20,0
128,NDVGLETRVYYTILVYTSKI,20,1
129,NDSASCNLVMVNFKLVYPFS,20,1
130,NARLSCKTFNTNGNFHRYAL,20,1
131,NAGRYRLKSIQCCLNFKVLL,20,1
132,NALMNMFISACNLFLTPATI,20,1
133,NAFPVVFNLWYSSFYYNLFL,20,1
134,NGKTSSFNI,9,0
135,NGILDTSMWTYL,12,0
136,NGFTTLYLYGRELSGQLLVR,20,0
137,NGMFSCFRCAINRYN,15,1
138,NGRQQRLLVCSARALYHTLG,20,1
139,NGVKLLVYYF,10,1
140,NGVDYLTNVSLEFGFWKSNV,20,1
141,NGWVTWSTQWVLWMQGSL,18,0
142,NVVRNTQMSLYFLFFKS,17,1
143,NVVWNSLTYSPCFMFSTEKI,20,1
144,NVMIDIQFFSLYLKFGWSLL,20,0
145,NVRRSSISIACIWIVVDQSI,20,1
146,NVGIVYFKYYAS,12,1
147,NVSYTSFNNPVCFVDWGVH,19,1
148,NVCRSLIVNFSWVY,14,1
149,N,1,0
150,N,1,0
151,N,1,0
152,NYNFF,5,0
153,NYSMCPVIYYSLSCRRTLSL,20,1
154,NYSE,4,0
155,NYISRYWGLSSNHSYNGDAD,20,0
156,NYIYSFVCTYYD,12,1
157,NYGGMHTTLDRGHYFFCYQK,20,1
158,NYVWCWLGSVVFGGYYCWVV,20,1
159,NYFRIGFNEGNFIFGGKGTG,20,1
160,NSDRVSVTIFFSSNVSFQSC,20,1
161,NSGCCVNRIDIYCNEGDSDY,20,1
162,NSYESVILSMPVSFCSFLSD,20,1
163,NSYYTQYVLGFRNLCKDIKL,20,0
164,NSLFGCERCVILVLLIESKL,20,1
165,NSFIS,5,0
166,NSFYLVFRPALPDLTCWQCR,20,1
167,NWVYLEVRCCISRDSFANRT,20,1
168,NWVCIYAVQNHSS,13,1
169,NWFDCPYPLCVVYL,14,1
170,NCTKSWMVCNNEETIHFRP,19,1
171,NCQPSMVLGSKSYM,14,0
172,NCQGIMFTEGKVFGKYHVDL,20,1
173,NCQ,3,0
174,NCLVNVIIGILVLADTSASN,20,1
175,NCLY,4,0
176,NCETFPGPLVTFRTSNCTCW,20,1
177,NCVRENIIRELVIDDGLWVG,20,1
178,NCCIIRMSFFLYCCLFMAFI,20,1
179,NCLFDCVIIACGDCRLTWSF,20,1
180,NLMNRLRFSLRGRGLCRTHR,20,0
181,NLLTVNMEKIAYLKYSPYMQ,20,1
182,NLVSYTGFWVIIDNFLINKD,20,1
183,NLVCLWEITASISR,14,0
184,NFKIYVLCH,9,1
185,NFKLNCVERGSYWLNYTNGA,20,0
186,NFNCNDIVYYIKALFPEISL,20,1
187,NFSMDYSLKWWQDPDTQEML,20,1
188,NFSINVNGV,9,1
189,NFQYFMCL,8,1
190,NFLGVDTIYCGFSWYWVKDC,20,1
191,NFLVGGRSQIKNCIICIVTY,20,1
192,NFDSVCLRL,9,1
193,NFAFVILVASIDVCKKWFNP,20,1
194,NFGDWSMFCEYVMMHVSDTR,20,1
195,NFVSVVSCIFMVCSRTTCDH,20,1
196,NFVVTFSNIRNKVTS,15,1
197,NFVDVGLNKTCIIVVFHS,18,1
198,NFYIHGVTYDYDFCFIYGSC,20,1
199,NFYIGDPRHQIRFVIMILGN,20,0
200,NFYW,4,1
201,NFYFDVRRV,9,1
202,NFSCRANKTRFMYRIW,16,0
203,NFFYRVCSV,9,1
204,NFFFVWRRMICRSCTGLMLE,20,0
205,TKILNIVREENYSSVRYCLG,20,0
206,TKFCSKKGSWIEYYELNDLH,20,1
207,TNRGFLRNFFDYKKVGCCWV,20,1
208,TNEITGFLYVVSDMEVGNIM,20,1
209,TNVFNYAMPISTIGCFLFTR,20,1
210,TNYCCSL,7,1
211,TTNSSYFNYVVTCVWENWWV,20,1
212,TRITW,5,1
213,TRDSMCESGS,10,0
214,TRFSTTCCVNPLISTVYMMC,20,1
215,TSLILVYLLQLSLEKLEHSA,20,1
216,TSALIGIIV,9,0
217,TSVIKCVFCSMTPCVFCFYY,20,1
218,TMAYISFRFFFGDFCCVYTI,20,1
219,TITGWMSLCCTIVIFCV,17,1
220,TISPCRLVGIWRMRTEFYWF,20,0
221,TISYISMISSETVVFVTNVI,20,1
222,TIIYNWTIKGMSCFMHGNHG,20,1
223,TIHG,4,0
224,TILIFSVFGNMCI,13,1
225,TQSMDKNIVYMRYSLFM,17,1
226,TQWVSSVVRVRSNLGDFCQN,20,1
227,THYYFCYIPFGQI,13,1
228,THWRTYTVSFILESCDNVSG,20,1
229,THFNKN,6,1
230,TPAKCSLSIQFSFDKI,16,1
231,TRIVMLKWSLNGYIGWTH,18,1
232,TLG,3,0
233,TLSTHPFDLRFFYAGQTKWD,20,1
234,TEFNMIFMNFMF,12,1
235,TDKRSFNDWLNNYAHGCIKR,20,0
236,TDYQRDSRRKCTCLSKEPVP,20,0
237,TAMFDDRFIVQSSYFFVSWE,20,1
238,TACL,4,0
239,TGFDICCFVVTYRAVYWL,18,1
240,TVYMSNTCIVWKI,13,1
241,TVTCSSYFRI,10,1
242,TYIMMMCFYDMRRCTGACDP,20,1
243,TYVLFMS,7,0
244,TYCYRFSRDLLGLEVNLGWG,20,1
245,TSREFLACWRCLQKMCSVF,19,0
246,TSYTRSALLFDELVSVKLSL,20,1
247,TCNYIAPYQSIIRFSTVIDL,20,1
248,TCGVAQ,6,0
249,TCSVLSVQVSMRPDFYGSGY,20,1
250,TCCWLSIFGFSPLYQYMLCG,20,1
251,TLPLNRLSIFSDSLTSRLIL,20,1
252,TLYRFFICYILLNV,14,0
253,TLYYRYCCFSYMFVFYQIK,19,1
254,TLCFFRPTKCVSCPVYVICD,20,1
255,TFPSAYLWYDLVMIGSHICW,20,1
256,TFVRKVGLSSLSLCICTRQ,19,1
257,TFYRILPDVRSELTYICIGK,20,1
258,TFLFRTL,7,1
259,TFFNSLNCAYECCVGYNEFG,20,1
260,TK,2,0
261,TNKYFSWDIVLFAIAS,16,1
262,TNIIGFFGCMSWVDAGRIMN,20,1
263,TNHSNNWYLRNCFAHMVFGD,20,1
264,TNVSWCMYKVVISFGWSFSS,20,0
265,TTMDRAALLMHVGFLLEHSK,20,1
266,TTGSYTNVFNVFSLMVKISF,20,1
267,TTFLLQFYNCGSNIFYQCFL,20,1
268,TTKLSFLLFVEKVCEDFEYR,20,1
269,TTISLFGFFVILYCESSSVK,20,1
270,TTRTWSYCVYKAAEYIRYPQ,20,1
271,TTFPDWKTRVFVPVSIFYTM,20,1
272,TRYLDSSNWTSISFYLYHF,19,1
273,TSPFLSSNRCISLICMWCST,20,1
274,TSA,3,0
275,TMTWC,5,0
276,TMISGITIGFNSWSINQYSV,20,1
277,TMIRGDSSRHPSR,13,0
278,TMSTYGMPSFMGLICSFWVA,20,1
279,TMSMVINVPVQCISF,15,1
280,TMFLVLTFYV,10,1
281,TILICKSFTS,10,1
282,TIGLDTTINADVWMHMMVTG,20,0
283,TIVNNIMKMCDVGFDMSINK,20,1
284,TIYWENLMVSVWSNFYPYNV,20,1
285,TISILCLNCLCRSM,14,1
286,TQVVSKGMYYFRYANCLILL,20,1
287,THYQGMGLYCIYGVLNSCIV,20,0
288,THSVLE,6,0
289,TPNDRVVTVRRYSHLIFVVL,20,0
290,TPGSKFYLLLCVYNSYLCSM,20,1
291,TRILSLRTVSNITLLDCCLM,20,1
292,TLNTYSLVLCYFFTPTIA,18,1
293,TLNLCEVRRYCY,12,1
294,TDDSFLSFIYCNTYNCFIYS,20,1
295,TDVMIMLF,8,1
296,TGKKFDIYFVL,11,1
297,TGSY,4,1
298,TGIDIRHYINLTF,13,1
299,TGRINIRCPSVLNFFVFGFL,20,1
300,TGWLNRHEIVGWAYHGSFCL,20,1
301,TVTRSSYKKCITIYSGLVPW,20,1
302,TVVCKQQARKSCDFLYTSTY,20,0
303,TVLVSVFHAECLRVST,16,1
304,TVHRECTLYLFSYYASKPPG,20,0
305,TVD,3,0
306,TVWCAGKVVFLVLYRSIKKG,20,1
307,TVCVCF,6,1
308,TVFVSSYSYFVAIMCLPHVQ,20,1
309,T,1,0
310,TYNNYWRYVSRLWACMYISR,20,1
311,TYMMSAYTQGNVFMCGLSLM,20,1
312,TYLNQACRDLCYVCSGNCGI,20,1
313,TYVDESM,7,0
314,TYVCIHSNGWLTCGFSFLSW,20,1
315,TSNFSVVIFVTDYIGCIRQF,20,1
316,TSCGYFCMTF,10,1
317,TCKFMYRTINRNDFSMYDIC,20,1
318,TCTSPPGYDDIVVRPWTHSC,20,0
319,TCSIWFSWITLKVISLDDAD,20,1
320,TCIDSIWGSFICGLIR,16,1
321,TCQTLVNRGSGHFYMIMFIL,20,0
322,TCYLSYCVDGYSFSLFHNQS,20,0
323,TCCDNAFYNCTYDFYGCTLN,20,1
324,TLTLIHLLSR,10,1
325,TLICAKTYLNIDPTRMLTNW,20,1
326,TLRTYNVYMLWPTIYPHLRT,20,1
327,TLVKNRSGNSRLRMINFNSY,20,0
328,TLYVWCLMFDNYNGFSVNW,19,1
329,TLCFSTSQPNHYIILISMDR,20,0
330,TLLKVMSDRSSCSYTYYL,18,1
331,TLFTLINSSCVLQLNPGKCA,20,1
332,TLFENFKITSARRFYFIADI,20,0
333,TFMLSIPHVCYMFEEYKHVQ,20,1
334,TFMWVGVNYYSNTSV,15,1
335,TFITLYAFSVVMGLWAYKSM,20,1
336,TFISKYFISLVSKFIVLDDE,20,1
337,TFISCNSLQTLKDTFLHCQF,20,1
338,TFIVGFKANVKYTYITLYRG,20,1
339,TFAMY,5,0
340,TFVVKHLGIFNMY,13,1
341,TFVVRGYIYYC,11,1
342,TFYCLFELKILIRYELSSNI,20,0
343,TFLVNNY,7,0
344,RRYGC,5,0
345,RKLGYRCNVAMFFSLSQGEL,20,1
346,RNVELRSITNSYVLLQRLCW,20,1
347,RNYYSWDYKLIII,13,1
348,RTISRKCILGTHYVCREKLF,20,0
349,RRCCSCFYFCNGYMTRIEYS,20,1
350,RSHYSIYNFVGTFILLNWNL,20,1
351,RSSVMFGLAFSL,12,1
352,RSCTDCLRNQILVFSVDWWY,20,1
353,RMKPTVQLNQYVHWNIRNQW,20,1
354,RM,2,0
355,RMYKVVVFMH,10,1
356,RMCCDLKGNLYIRHFNILY,19,1
357,RMFLSVCSSCINFESRFFH,19,1
358,RISSMHGIKCTTVYNSLQIL,20,1
359,RIMICVGLYVGSKICFSCVK,20,1
360,RIIKSTSCLDIILMYFNICL,20,1
361,RIVVFLAFSG,10,1
362,RIVVYGLSVNFLL,13,1
363,RIYVGVTAVQFLLKGRVQ,18,1
364,RICSGLFTCDLRCQLRESSV,20,0
365,RQSVSWFSNLLILLEGVNLS,20,1
366,RPSTSSPRPVK,11,0
367,RRWDTTLTLCSVLTYMVCDY,20,1
368,RRSVGSNCNYKVLWN,15,0
369,RLGITSMQVFYDGIQL,16,1
370,RLVSMYKWVTLNVHLFNLKK,20,1
371,RLWMISADIDTPCRCPMTYL,20,0
372,RLS,3,0
373,RLFLIDLA,8,1
374,RERWWDNFYSFVFAQSHSSV,20,0
375,REVGKQEVVCCYTLIGRGKT,20,1
376,RDRGKLVLCDGFSIGGTWCV,20,0
377,RANIQLTYVFSSVSCVLLTA,20,1
378,RAYW,4,0
379,RAYFTGYISALYYM,14,0
380,RGISMWYCLYGDNASHESRN,20,1
381,RGWLCMVCYNVKNLWLKSDV,20,0
382,RVLYSCVIVYNRFN,14,1
383,RVCSMTVWCKDSKLYTWKY,19,0
384,RVSFLEQNGTWYRGRNSNGA,20,0
385,RVGDSNIKAGCLLSLIMLFE,20,1
386,RVWVGYYFHFNCCDLNYPFV,20,1
387,R,1,1
388,RYNDYQVFMIICSRYFSISV,20,1
389,RYTYTRSKRASCKNFLDDAV,20,0
390,RYLTYMFNCGN,11,1
391,RYWNFTCLKFHQCLGFLDNM,20,1
392,RYWLVMALSACDHFDVRFTL,20,1
393,RYCLLWSKYGTICTCYSR,18,1
394,RSCCSWYSL,9,1
395,RSLMSSNFLMEWQHQFTFTT,20,0
396,RWSYAAKLRVMNNDG,15,1
397,RCSPDERGCLALKSGPSLRS,20,0
398,RCQSYISITAFSANLIMTYK,20,1
399,RCRESMCVSLRIVLCLFGNT,20,1
400,RCDFLCCITVCVEMSRDKSL,20,1
401,RCWFSFNITRGAIPKRNLDY,20,1
402,RLGSILTFDIYILKLGHMVM,20,0
403,RFNAFRVLEFGRRASWMKCW,20,1
404,RFEFCQKSFEHWNASFRAYL,20,1
405,RFLFGTFTRSKSGCCHKMYT,20,0
406,RFFSVVDIKCWSIILM,16,1
407,SKGRIYIDLYQYLR,14,1
408,SKFVSSVISPVNNVKEYICW,20,1
409,SNNLCDVVLNCLQFQVMTCI,20,1
410,SNRFLFDAQLSIQKIIPEN,19,1
411,SNPNIGVWSSVNYNLLSWAY,20,1
412,SNRTLCEEYMYFNVNLGGRI,20,1
413,SNVPIIGVMVSVQCMNSLNQ,20,1
414,SNYFVVLYD,9,1
415,SNSKLCVF,8,0
416,SNCLYMVFSPE,11,1
417,SNCFSRYSCIRSRSFYTFYN,20,1
418,SNLVCKCSDNMCRICVGLFL,20,1
419,STGDIRWLFDSWKCGVHLRD,20,0
420,STIWSNVHCSTFTMSSTVAW,20,0
421,STVMFNFLLIWDIFACAK,18,1
422,SRNMTYIYLTFIW,13,1
423,SRNVNVWIEHNYEVMCKMCG,20,1
424,SRMKDMIANDFTIEDVNTYC,20,1
425,SRVSSPVCLWMRSFFLLNCF,20,0
426,SR,2,0
427,SRFKRECYNNNGSLNITWFA,20,1
428,SSPRILSCSVGMD,13,1
429,SSDLCVTYCMEYTGTFLWEM,20,1
430,SSGGKYRTINFLYRND,16,1
431,SSVLQYWFLASLCVLSLWMK,20,1
432,SSYNYAIAFLALYFTDI,17,0
433,SSYISLCLFQR,11,1
434,SSYFWWMVSTCGCKQKYAEV,20,1
435,SSCIDTIEMYILISRLFGCC,20,1
436,SSFGNKYFDRRLYFYSFLGL,20,1
437,SMTSTFKYSVLKLLTCWLCF,20,1
438,SMSLVLLYGISLSCCDMSLR,20,1
439,SMMNKCCSICMWIYRDIAVS,20,1
440,SMQLNYLLKALLLREPYIQV,20,1
441,SMRFSKTVMSITMFPPE,17,1
442,SMDAYDFGNFVLLS,14,1
443,SMVPRVIVDVIYSFQWLFTY,20,0
444,SMVRGTGTRGVLKTSYV,17,0
445,SMCRRMIRDSGESTLLTF,18,0
446,SIINCWNIMNI,11,1
447,SIYCFRFYWSSLLNIFYRSF,20,1
448,SIWRNIRGSVLPSMLYLIRS,20,0
449,SQNLICDLWTFKLVY,15,1
450,SQFIYLRLQNILCNVTMGLK,20,1
451,SHKL,4,1
452,SPNVMFTVKVLYYISCLTDH,20,1
453,SPVLLVVNAFILSLQSSDTR,20,1
454,SPFSCLWAFNSNSWTTS,17,1
455,SRKTYGIIFVRWDDSYCCMG,20,0
456,SRDVFMFNRNILGTGFCYQD,20,0
457,SLSTILFPCSAQYGYMYFFQ,20,1
458,SLISVVMGSSYKNFLWYMAE,20,1
459,SLDNLMSIVFS,11,1
460,SLVDISASPAAV,12,0
461,SLCTMCTDDEWSIMFNYC,18,1
462,SLFQYYLWIYNVR,13,0
463,SEVNSRIISFKCCSVMDASS,20,1
464,SEFTLTMVKFNYNYVMRVER,20,1
465,SDNCYNNLWVQTFL,14,1
466,SDVYIVRFIRCTYSF,15,0
467,SDYNYTLVYLPFGTLYSSFN,20,1
468,SDFRVVLMSCTNWMLCCMLL,20,1
469,SAKITDRIIWDVISIGSW,18,1
470,SARIADIIYGCVRLTNG,17,0
471,SAKCTYNIYIWAISRS,16,1
472,SALMMFAQSWHLATPKWLWE,20,1
473,SAVLIALRIFGL,12,1
474,SGTWLFRINVLRRNYEYRSG,20,0
475,SGSSTTRDTLFTGKARVENK,20,1
476,SGRYKTSQLPAYVDWIYKVS,20,0
477,SGMVYGSLDCVFLDNICMIA,20,1
478,SGALLVNNVSLMRNRAHWSK,20,1
479,SVDWILLLCSTCEK,14,1
480,SVYMAMNFVRADVILCISDM,20,1
481,SVWGGDWDGYRARVRVTVGA,20,0
482,SVWVWKFRLT,10,1
483,SVILVHLVWQNVPEDMTKGE,20,0
484,SVAMCHVQYGVFVLLLSRDG,20,1
485,SVYLVKDTWHWTCFTQRRGL,20,1
486,SVCHSQLGVRNLKKCTGVSD,20,0
487,S,1,0
488,SYPGGTLYFNLMTVNACGNT,20,1
489,SYVSINLRRGWFSHDFESFY,20,1
490,SYYCFFVSMPVYMLGHYDHE,20,1
491,SYSFYVYMYHLRECLLR,17,0
492,SYCFIYSN,8,1
493,SSFSMDVSIQILY,13,1
494,SSDYRVFS,8,0
495,SSVCCLKWNSSVLDWVINQR,20,1
496,SWKKVYRLSAAIRSKDRAFW,20,0
497,SWNM,4,1
498,SWPFVVESWRVKD,13,0
499,SWVRILPGLYFVM,13,0
500,SW,2,0
501,SCKKAIFSVLIFNNVLACEI,20,0
502,SCKMWCMLLIFS,12,0
503,SCNTVFLFYNRWMPHPTTVV,20,1
504,SCMGKMSYGICGGNFLTIIW,20,1
505,SCMGQLKVINMCVISKLSLK,20,1
506,SCLFY,5,0
507,SCGIGTGIYFSFGIISCSFF,20,1
508,SLIFWLRFWTCVDCGSFGCK,20,1
509,SLFHETVIRFFAAPSCAHLW,20,1
510,SLFYFSVFNKSNSTE,15,1
511,SLFFRCFDVFICYKQIVCSL,20,0
512,SFSLIRVYMFNIISGVFEYY,20,1
513,SFSVSYRFLLFTCVAG,16,0
514,SFMILSLYSSNTRIFTFSYT,20,1
515,SFITFTGWKYLSM,13,1
516,SFIPESN,7,1
517,SFDAEKF,7,0
518,SFGMIWSTVSGSGITVEFYC,20,0
519,SFVSHP,6,0
520,SFYLTYLRSYRDYNY,15,1
521,SFSSSE,6,0
522,SFSRVSLYRIVLTIFNTMGA,20,1
523,SFCTWMWLYTGVYFMSNRGD,20,0
524,SFCIVVYKR,9,1
525,MKGSAICLAFFVD,13,1
526,MKVGYSSIPCFTSLKYCMAG,20,1
527,MNKNTRYASWPNDMCVSAFM,20,1
528,MNKVFVRSIDLYDLVIYMRG,20,1
529,MNTYPTMFYKYVMFRNDFSG,20,1
530,MNSDSSCRLVHNMLLFF,17,0
531,MNVHFTPCLDSLETTAYCTK,20,0
532,MNVECLSMRYVCNM,14,1
533,MNSKAS,6,0
534,MTRVVMASIPLMYKG,15,0
535,MTDFMIWYNSHCNTREDLSG,20,0
536,MTFVTILRFG,10,1
537,MTKFPQCRDKFFFIDCFELG,20,1
538,MTGLNVLMYCSHSIVEQTCW,20,0
539,MTVIWYASLCYRN,13,1
540,MRVCAGDLVSLRCYCNAWTG,20,1
541,MRKGFVLQIYFWSSCSWEGS,20,1
542,MRMVDDQILYLKVRRSCGEP,20,1
543,MR,2,0
544,MRCILCDFCMMYVLINYLEF,20,1
545,MRFMNLWKSGDRDCPRYHSD,20,0
546,MSKRIGPFGVRLCTEKYYRS,20,0
547,MSVNSNAVLELYPFTHYTWF,20,1
548,MSYEDFNVFLFKFLSVSVGK,20,1
549,MSSSNDWPCHWRIFVFM,17,1
550,MMGWCDTYYIMLYKSLLMPR,20,0
551,MITKNNR,7,0
552,MILCNCIYNISFQISMLLRN,20,0
553,MIFFYSF,7,1
554,MPSLAGDNYNFFSVTFVDLW,20,1
555,MPYEDCSVCTFYLTTLSTSF,20,1
556,MRYRYVRNRKSCAWTRVGVV,20,0
557,MRTNNDDR,8,1
558,MREEQDVRCVFRVDSLGLLR,20,0
559,MR,2,0
560,MLGQIRISLHRSCNWSCYS,19,1
561,MLNGYGSVQLSIFVRVDSRY,20,1
562,MLSKYFFAHCDNSWYIRPLL,20,1
563,MLMH,4,1
564,MLASVEMSFSTSKMRSEHLQ,20,1
565,MLVLMPCMFNVEFSLNLFNW,20,1
566,ME,2,0
567,MECFVNHFYMQKVVVNDSTS,20,1
568,MDRLVFNSSPWICLCFSLSW,20,1
569,MDEFRVVIIWIANQF,15,1
570,MAFSIDLISTRSGELYYGGL,20,1
571,MGTFCGKAYFVCSLSVGSKH,20,1
572,MGQRKMNIMTFPWIKRM,17,1
573,MGVYNCQDLTVVKYCDSVAE,20,0
574,MGRNSVRMIYCVFSYYITQR,20,0
575,MGAYGYFVNFILLTLYSFSP,20,1
576,MVDIICCFYFSVLYTSSVFS,20,1
577,MVKNLKGYNCLWYCPAFYSS,20,1
578,MVILEPMCLLYKNIIKSYYW,20,0
579,MVH,3,0
580,MVARLY,6,1
581,MVGFSCILKASN,12,0
582,MVCENSIF,8,0
583,MVCSSCGVYYFFWLSTCRDY,20,1
584,MVLSQYVYMLYFTNMR,16,1
585,MYENSREHEYAQSLWVTRFA,20,0
586,MYDTWWGAVCIMMVLLS,17,0
587,MYAGTLVSVSVERGIFHSFF,20,1
588,MYVSAICIDWSHNYATHFGL,20,1
589,MYFVADERIWSIFDLGSFLH,20,0
590,MYFSLYLFWFNTNWVFFRIG,20,0
591,MSYVVGKQSSVISVWEFNFL,20,1
592,MSKSGSGELINLLMCGSLFA,20,1
593,MSKIYKNVNSCGMNNSVLNL,20,1
594,MSNTN,5,0
595,MSTVGYTTCMYVIDSGNIMG,20,1
596,MSFMFGYIQLP,11,1
597,MWRLNDNLMGEQWQFNQLKC,20,0
598,MWRGIRITVITANFVCGKGM,20,1
599,MWEGGMWMTFRCIMFGYVDM,20,1
600,MWYLCFRFMFMYVMSSGVF,19,0
601,MCTLVDLSMSLGRFRVSRWD,20,1
602,MCHVMGVNINSTWSTVRYSF,20,1
603,MCLMFCKNRVRTMWVDSGGY,20,1
604,MCGVFYF,7,1
605,MCVNLCYVDLETWLVSKRIG,20,1
606,MCYGLTLSKIP,11,0
607,MCCLNNM,7,1
608,MCLSSGTRYEYMDVF,15,0
609,MCLSGFNNFVTKRTHIKLEW,20,1
610,MLTLLYWLGWENSRDG,16,1
611,MLSTYGNILLICMLNDCS,18,1
612,MLIYENKNYTRGCNRVYLK,19,1
613,MLQNYFVFF,9,1
614,MLYHCKNIDFTMYGVYVYTW,20,1
615,MLYFNYVVWGYMCRSWVKYG,20,0
616,MLSLCCATFMLDEFFIKAYR,20,1
617,MLSVVVSYGVGISKSVCSNP,20,1
618,MFDFRNNYFSNIRVMVLALS,20,0
619,MFGLICGRTFKYGNRSW,17,1
620,MFYLLLNCLINMKTNY,16,1
621,MFYSRCSN,8,1
622,MFFWTDA,7,1
623,IKHGLAVMFLDVTIV,15,0
624,IKHCDFFGLYGTLTTFFRRK,20,1
625,INIILLSDTKNHVSVGN,17,1
626,INISLRTDFRNWLANRC,17,0
627,INPFICFIIP,10,1
628,INRKPC,6,0
629,INETECKGVFR,11,0
630,INAVQIFQYFSF,12,1
631,INCIMV,6,1
632,INCHRLWLTREERQISISRF,20,1
633,INFPPSEIYESCFELGYDFG,20,0
634,ITMYRFATFLSNN,13,1
635,ITASLLLQMYRMWLYSMHIE,20,1
636,ITGLEYYICCTLLVSSVYGS,20,1
637,ITVVVVILMAER,12,1
638,ITYSIDYFYRIVVITTLALT,20,1
639,ITTTNLRDFAMSSKLHFNQI,20,1
640,ITHFYRCFNEEYKGYRSPGV,20,1
641,ITALALRQRLYVPSHIDRLF,20,0
642,ITY,3,1
643,ITLTESVATFSWNAKHSSNR,20,1
644,ITFLLSSRI,9,0
645,IRIFPTYYFPKTCRCSHHNM,20,1
646,IRQFIYKFSCCGDSLCVRTR,20,0
647,IRLDSIFFSYKLVVNRPCGI,20,0
648,IRLNASFMGNFINASFQYMF,20,1
649,IRGSAFCNKYFLLNLRFCNT,20,1
650,IRSEMHCSVWGSYLGSSRIR,20,0
651,ISTALPLFMFKFY,13,1
652,ISINMVVCLFLSLYCM,16,1
653,ISPFLCSHMTIRYFSYVMNW,20,1
654,ISLLCYNLVVQGPFYLVVLF,20,1
655,ISVNVVACRDGEISGRFWYL,20,1
656,IS,2,0
657,ISSCVLSPFIIVLSLYMLLS,20,1
658,ISFTAVEVVYTINGVVRNYS,20,1
659,ISFLVIVI,8,1
660,IMRFGTSAFCYA,12,0
661,IMITTVSYLSKY,12,1
662,IMYNRRSLILVIFSGHSSRD,20,1
663,IMYVQYGKGMFDDK,14,1
664,IMCELIFRVFIFTSVSKSIF,20,0
665,IMCYKCNCLRTNSRYTF,17,0
666,IMCCIIQRRTLFPLV,15,1
667,IMLFNYFYLYLSC,13,0
668,IMFTVRNMGWLGRIIVSNNG,20,1
669,IMFYNELL,8,0
670,IITTKILAFVA,11,1
671,IISLIVVSQSIIPVDYSLVI,20,1
672,IIINFTSQDRYKNYCMVNCG,20,1
673,IIIYSFCFNWIIM,13,1
674,IIQFTL,6,1
675,IILFIF,6,1
676,IIDNRNS,7,0
677,IIDFHGYNLNRANKLRLCLR,20,0
678,IIAICDVKLRINSLSKMFAT,20,1
679,IIGDQFVIRVGFNLVACELV,20,0
680,IIVSTTRVYVWAYSVNFSNW,20,1
681,IIVIVNRSGGNYSKACAFIC,20,1
682,IIYRVFLDVRYRTCCNVTFI,20,1
683,IISPSSVSRPFLRYALLSRA,20,0
684,IICNVIPLRLNAFMSRIYGL,20,1
685,IQKLLVCTYVERFINPDQLA,20,0
686,IQLFTNMPRVVYCNKYHV,18,1
687,IQFYIYYA,8,1
688,IHESWWFDLVLCNLAEDIDN,20,1
689,IHVTLAFMETARYRSFLGRY,20,0
690,IPVYQVYQNMVDYWGIR,17,1
691,IPCRSFVSFICCAGNHFFYF,20,1
692,IRIYICMI,8,1
693,IRIGCMELQYFGRVGSSILP,20,1
694,IRPTVVNWYWKSVLFTCNYL,20,1
695,IRPTIVTPNCIKSMSYFHWV,20,0
696,IRR,3,0
697,IRLIRLMIGRGSCTFQKHMS,20,0
698,IRYFESMVCAYITLGCSNDK,20,1
699,IRCLLDLCVCITDSSMTVII,20,1
700,IRFMLVTFRYDKQFDTLNFI,20,1
701,ILNCSYVSFFNLGWFVISYG,20,1
702,ILRMESMLTDALSKLTC,17,0
703,IL,2,0
704,ILSMQFCQGYLRCYSCICI,19,1
705,ILLVLNTWSDVPSNFHEIGG,20,1
706,ILNSNSNRVFLFTLGLSEVH,20,1
707,ILGVNGFECMISLWVCELFH,20,1
708,ILVSLVSVLYFM,12,1
709,ILYNPATMVAYDLIIERCFN,20,0
710,ILCITPCYIFIFDVRNF,17,0
711,ILFNNAAWCYNTFKGSNGCW,20,1
712,ILFTDSIGCINWPHSSVIFY,20,1
713,IEAYRCYWHYSSVMFFMDKA,20,0
714,IEGIIYLDISSLQCIMRNCY,20,0
715,IDISFSVIGYLKTRGVSS,18,0
716,IDPDGRCTFS,10,0
717,IDRQLVGVYSHLHMFLACVA,20,0
718,IDAIFKITGETHRVVDCMSV,20,0
719,IDWWIMIFLYSCLINVMSEF,20,0
720,IAGYNVYCTFYSWVQQTLDL,20,1
721,IAVGPMFIAAKVCEICPLIL,20,1
722,IANFRMVGNIRLSCYFSVWT,20,0
723,IASWIGPRNATWVFWCGNFS,20,1
724,IAYSYCNTYVDQSAFK,16,1
725,IAFVFTCAFVCHQGCFMMDA,20,1
726,IGSYSIVWSMLC,12,1
727,IGMTSCSYVSLVGLKR,16,1
728,IGDCSCLNISRIKMSDPRNL,20,1
729,IGGIIWFQAMTVLQMT,16,1
730,IGSWLT,6,0
731,IGCTVCDEFIVAIW,14,1
732,IGH,3,0
733,IGLYFYAML,9,0
734,IGELSQNGGTNYLIVTYYAV,20,1
735,IGVSLYAWERHAQGSFRWVG,20,1
736,IGSFFICKG,9,0
737,IGCGTIRVLSWYYF,14,1
738,IGLFSCCDIRENSS,14,0
739,IVSCNGVVSNVGMARCDCNS,20,1
740,IVRSVWCGCMTMFNCSCVLL,20,1
741,IVRSSVLYLFGIPRLCFGDY,20,0
742,IVGSCFTQKTGFSGVSFFLM,20,1
743,IVVYNKFIFYYQIYTYLYKD,20,0
744,IVYSFSKCVVIADLVGYLCV,20,1
745,IVCLYLNCFRM,11,1
746,IVIRWFMVGDFPRKNTYCCW,20,0
747,IVLLNEDILVIGTLNFFDN,19,1
748,IVELNICISAVSCNMGVLNR,20,1
749,IVGSSDSRNVFYHYWYNRMP,20,0
750,IVVSACILLWYGKWDRYGLS,20,0
751,IVYVKYFCFGFLNNALGGFL,20,1
752,IVLLLSNSNIYTYCLVCHQL,20,1
753,IVLSDSWTRIAYKMRIMTYI,20,0
754,IVFM,4,1
755,I,1,0
756,I,1,0
757,I,1,0
758,IYNVDGSFLLLGMFCVH,17,1
759,IYTKSWGSHSLRSL,14,1
760,IYSYNRYNLVIIYNNVCMVF,20,1
761,IYSLVNTLIYNMFFCSVA,18,1
762,IYMIDSCWMVSYKNTN,16,1
763,IYISMYLAYFCFVICASFKY,20,1
764,IYQFLYSQSRSNILFLNNTG,20,0
765,IYDIDWCNTGGLYGYVYVVW,20,1
766,IY,2,0
767,IYSLSWFLWVN,11,0
768,IYSLDYFYICGWYGNYTYGS,20,1
769,IYCALFLLS,9,1
770,IYCYGVSAVDLCSIGNIVER,20,1
771,IYFISNYMFWQRYS,14,1
772,ISHYLLLGIGFYLHFRETLM,20,0
773,ISGMIKYGGNHQDITLHICF,20,1
774,ISDLLQNCFYFVSCDWNDGS,20,1
775,ISAGVRVYRCNLCWCYCGLG,20,1
776,ISCLCVCCKDY,11,1
777,ISFFASAGYQVIKFGDMFDY,20,1
778,IWKFHAT,7,0
779,IWRLIDCGVVEIVVSSCSSM,20,1
780,IWLAKAVYCWDLGDISSAYN,20,0
781,IWVTFRNNGLMITMVGYLYP,20,1
782,IWSEQGFSGWSASYSPFACE,20,0
783,ICNRVLYVQIHTRCNIVCFS,20,1
784,ICTIRYVDYWGGNRRNESR,19,1
785,ICSRNLLP,8,1
786,ICPYLNMWCTNARFAYISD,19,1
787,ICYVLLSNCWANCLM,15,1
788,ICYCQSGYLMSRYHVNNSGC,20,1
789,ICSVASVNKWR,11,1
790,ICCTSVCRFVL,11,1
791,ICCCLSAFDT,10,1
792,ILSRSQKDVITYFKRISNNI,20,1
793,ILEFYIYSLNDIVNLSSVKM,20,1
794,ILDVLGAYNNFKTELRCHFL,20,0
795,ILVVKNIR,8,1
796,ILVVLSRYYNECGSKSKFVW,20,0
797,ILYLRTNCI,9,0
798,ILWSFVNGDE,10,0
799,ILLSQFFYMFKDVSFDQLDC,20,0
800,ILFSGSSDIKVNYTNVYTLW,20,1
801,IFMNFLFIGWCNDDLHVFQV,20,1
802,IFHVTVCKFFVMDPA,15,1
803,IFHFWTFFLGFLI,13,1
804,IFPNCQSFRVLRSGIFL,17,1
805,IFLCSGCIANVSNVCDFFEG,20,1
806,IFDFNKHNCYNDKCFCHHFR,20,1
807,IFAASIYNLSYNILSYGV,18,1
808,IFGQGSYNYIWVMLYLLTNF,20,1
809,IFGSYICICNLSCCLFMII,19,1
810,IFGCMVQGKCTCYHYQNE,18,1
811,IFYTCDEIGIWTTKISH,17,0
812,IFYMIGYFLSMNFTSSP,17,1
813,IFSCWKSCCMFVN,13,1
814,IFWSYNFRRAQIYS,14,0
815,IFLLSYFPVNIVLRSWSQQ,19,1
816,IFLEFFSVSYFFVNV,15,1
817,QKKRISRMVACGIVTGCGRK,20,0
818,QKDLGKSFCSDRINEELLFY,20,0
819,QNITCLSYMLIRCDFQMDIG,20,1
820,QNIISLSSALYFGWISEMSP,20,1
821,QNDYSNFISQTAGVFFLRND,20,1
822,QNVVIWISSISSPGMTWG,18,1
823,QNLFFMFSISNMEVSTLEEW,20,1
824,QNFRNMTIYSMIWSGDCTFF,20,1
825,QTSQMINFFYYYLFN,15,1
826,QTLYCGLYWHPSQLFTYTLQ,20,1
827,QTREASGLDTVSIFVYPLRN,20,0
828,QTVAERVIE,9,0
829,QRVLVRPFRIYYGNIDSVFC,20,1
830,QRSLGIKVWLRETASEMHSK,20,1
831,QSSCSCSYGLSLCMTLDKSL,20,1
832,QMGALGIQDIGFRFYTL,17,1
833,QIILFTTNWYNFF,13,1
834,QIEFLLDYVTYNCTFLYKY,19,1
835,QQIAGLIVYTAPMRYRKSQY,20,1
836,QHSFCKLCICFWYDMNRSTH,20,1
837,QHSVGLIILWSRSGDGTLYC,20,1
838,QPVLFRKYMLSNCNSNFCVM,20,1
839,QRKLYLDVVTTVKHATYWFR,20,0
840,QRRVLLSSIVR,11,0
841,QRACVYMVWFPNLLTFLCGF,20,1
842,QLTVKYLYENL,11,1
843,QLTY,4,1
844,QLIKV,5,0
845,QEIRMGDADMP,11,0
846,QECFDFKWFRFSRSDFDIFM,20,0
847,QDTQTRGHCVLRGNRQNMFI,20,0
848,QDFTAMVGNWRYCTDDCW,18,0
849,QALISVGKDRVCKFKNVRTY,20,0
850,QGLLISSSCDMLLWMCNHCK,20,1
851,QVI,3,0
852,QVVTGITVLFLHAG,14,1
853,QVSSFKQFFLVCIN,14,1
854,QVHPMDNHTITCFCNAPLFP,20,1
855,QVPFSYYVGSVFIDDECYIL,20,1
856,QVEVDMYFYISENVCFLTIR,20,1
857,QVSSILCFCIDSSRGET,17,1
858,Q,1,0
859,QYGDTKSVFNIYKYLLKHSY,20,0
860,QS,2,1
861,QSYLVKSWWWSEFNT,15,0
862,QSNRGWFSGNSFDVTDGRM,19,0
863,QSWMRRNATELWAMRYVGSR,20,1
864,QWRISNQGINVERNLGYSWV,20,0
865,QWGIGMSIVSPFGYFSILSG,20,1
866,QWGYVRNSIDLYRVSYYSI,19,1
867,QWWT,4,1
868,QCRLMYLYSDMINKM,15,1
869,QCPLDINFGFSLYLPGSCSM,20,1
870,QCVRLIVMRSRFDQSLILKG,20,1
871,QCYVRVRFWIIYRSQFLSYE,20,0
872,QLSECNIF,8,1
873,QLVIITSLCNRPTNNFFYPS,20,1
874,QFKMFIIINCLDSFQHNARN,20,1
875,QFRVVTYYDM,10,1
876,QFQLFIDCSFSCSTMLY,17,1
877,QFRDNEP,7,0
878,QFDFVCIQTYNFVFRLTYGC,20,1
879,QFGNFWNYYPMGNINFMNGS,20,1
880,QFGMDTIW,8,1
881,QFVSSYGIYYQRDNCRVVWQ,20,1
882,QFV,3,1
883,QFYDCNNQTKLSVCRCMLFL,20,1
884,QFYCEVVFVRSPI,13,1
885,QFSITYLYVMMSS,13,1
886,HNILIISIKTCPIGLEVWQL,20,1
887,HNPMDECDFRLFILDIWRHF,20,0
888,HTAAQATTITIMSDVVFVFQ,20,1
889,HTCCYIQYCE,10,1
890,HR,2,0
891,HSQAYSSSFGNIVFRRYPYS,20,1
892,HQHFLGWTRIESLSLVCYVF,20,1
893,HQYSILCVFMYDPRDRAPGT,20,1
894,HQCVTTSYWAFI,12,1
895,HH,2,0
896,HLRDIGVYKLWFVFLVVTAW,20,0
897,HLNKAMHLYTRLMFGFFVLA,20,0
898,HLVSKWTTGTKFRVAGMKIA,20,1
899,HDPAVWINLWLGSRFVTWHA,20,1
900,HAKWLLQYML,10,1
901,HAGYRLFNLAVSIDLNV,17,1
902,HAYLDVGESLNACAPYMARI,20,0
903,HGSTGYRLCITTRSWL,16,1
904,HVNSFLIVVGILTYSTCFPL,20,1
905,HVRNTYHYWHIMTKGNESL,19,1
906,HVRTSYLIYSVISWVSSVMG,20,1
907,HVDISVIDVRIFLNGIFCD,19,1
908,HVCKDLYPSYLRMMSYFGWF,20,0
909,HVFWFRSV,8,0
910,H,1,1
911,H,1,0
912,HYQYFILSFYCAS,13,1
913,HYFIALDCMVIMMVVCLSMF,20,1
914,HSI,3,0
915,HSITLYYM,8,1
916,HSICIDMFSAVTIHRDTVFI,20,1
917,HSILSWECSVQVCLHP,16,1
918,HSFRFENSFLHLMFKCINDD,20,1
919,HWNACCVGSAVLLMTRGVRM,20,1
920,HWYIYKLSNKNFTVDKYIIF,20,1
921,HCSYFWFLWLCTILFMLREG,20,0
922,HLRNAKCYSSIIIGLIYNFT,20,1
923,HLRMTNELGAKIVKSVFDLG,20,1
924,HLINHFNRFNA,11,0
925,HLICSYYL,8,1
926,HLPAVHWTTTGHEERLTRYL,20,1
927,HLGDVEKLADIGNFSQTTIY,20,0
928,HLLCINGLCG,10,1
929,HFINNMCSSS,10,1
930,HFLFLVNSMILFYERTPH,18,1
931,HFDRE,5,1
932,HFVVTNKLNILLWKDRNLLG,20,1
933,HFYP,4,1
934,HFYLFDLSLSAFGYCFGIGL,20,1
935,PSWKVTHFLDGSLMMSFIKA,20,1
936,PINCYIDCYYALGTSHDRMN,20,1
937,PLGPCFKGLVIP,12,1
938,PVTFGQVTYSVACEKVVIRT,20,0
939,PYPYSTSMNSMVWSKFRN,18,0
940,PSTVLISLFFWIRNVWVNSY,20,1
941,PWNRYAYVVK,10,0
942,PCMRRMYYYNNFCVLSDFSR,20,1
943,PFLVRFHYILFLCDMYGYSK,20,0
944,PKRCYGYCNNSAFIAFMNTL,20,1
945,PNTYVRSFGSLMRCYGRKFI,20,1
946,PNFQVDSTWFCMFLTFSCFR,20,1
947,PRAILVGLVLASCSAFWKVK,20,0
948,PRVVVLCVVPWY,12,1
949,PSNIVSLKKCMINRLNNWSG,20,1
950,PSIVWSVFFVVGNMRNTRCL,20,1
951,PMS,3,0
952,PMLVIMSDICQYFLDSCFDN,20,1
953,PINLCFLVMLSFSCCRFVNM,20,1
954,PIYNSCTSLAETRSD,15,0
955,PHWWNWDPGDYVRRLRLYGW,20,0
956,PRTCVQNNTYFQ,12,1
957,PLTCKWFRMMVCSPAKAEND,20,1
958,PLVCSNIFFCMLFY,14,1
959,PEYTYCQNYTLLYIGDSKSG,20,1
960,PESQCSQLKLSMATMIVIYE,20,0
961,PELDFSPMYV,10,0
962,PDGYVIRVVMCGCFPLLLRF,20,1
963,PDYPCTDGKYTVICTFNMPL,20,1
964,PAGYTCSVICCSPFVYSISN,20,1
965,PGTNVMVYCSIGGYFTFFVG,20,1
966,PVNSYAHLW,9,0
967,PVLLNFCNFLSWSYVNCTET,20,1
968,PYNFCIQAYHSV,12,1
969,PSFFTSLFMYVVSVV,15,0
970,PSANILARTFHFISVMTSQW,20,0
971,PSALFSSRSSI,11,0
972,PWNDLHP,7,0
973,PWFRPYM,7,1
974,PCDCNFMVTSVTIQFWYMTT,20,1
975,PLMLIITNQLEYHEYSTTRS,20,1
976,PLCFINKMVSCVNGFVGVSD,20,1
977,PFSS,4,0
978,PFINHYSHRDKN,12,0
979,PFDHRLRYL,9,0
980,PFDPSPFIFTMKSIILCFCD,20,1
981,PFVIYMIRVLNVVQEYQRII,20,1
982,RKSNLICFGNDSVRNTGFYF,20,1
983,RKRFRVRSRQICGRSSCYGS,20,1
984,RKYYSRIYIMSVLAIFWSLN,20,0
985,RNDFINSFILTVSVYKFFLL,20,1
986,RRIPAGWN,8,1
987,RSSALVTTASPSIGRNNDSQ,20,0
988,RISRIFLLVLSDSGLNGMPF,20,0
989,RQLNRCSYSNRWKRYCYDTH,20,0
990,RRVKIMVMGKDILFYLKL,18,1
991,RRWSNFANFFASCQRCDKLL,20,1
992,RLCANLFICWYQHFD,15,1
993,RDMRGFVSSE,10,0
994,RAILLKAIERSTSVIFAMLT,20,0
995,RALWCYGCCCNILRLEYNVL,20,1
996,RAYLKFILNMLC,12,1
997,RVGVGFKWNLVIGQTW,16,0
998,RVCAKQLVGICVSSTVYMNR,20,1
999,RYPTRWYMKPCTKMMVWLLQ,20,0
1000,RYVLSGEVLSFEGPTRTVWE,20,1
1001,RWILESQRLYGNGVSLREVM,20,1
1002,RCNVRKLFTWPWKERDSVWL,20,0
1003,RCNVVYFSSKSYLVRRSKMR,20,1
1004,RCTRCHRTFRSLSSLEHSCM,20,0
1005,RCSRTI,6,0
1006,RLSESETKLSKPLVMFLVFV,20,0
1007,RLYRYNQFISYNLEYKLIYL,20,1
1008,RFEMFPYTVMLSSAVSRYNW,20,1
1009,RKFDRLLRDNYSSYECCRWW,20,1
1010,RNQWQMIFIISFKGRITRDE,20,1
1011,RNPKLVSFNSMTLRISFNLA,20,1
1012,RNFWIAYLCNIVRRYSWLVS,20,0
1013,RTFMDLLGCLCVNCFLSSEF,20,1
1014,RTWSLSFINSYFE,13,1
1015,RTFI,4,0
1016,RRQFWTSVMSPIFASNHPRG,20,0
1017,RR,2,0
1018,RSMVIHQARTYYNGEMDVRE,20,1
1019,RSVYKFSFFP,10,1
1020,RSSIFGCRVTVLGMMGSMGF,20,1
1021,RSFVLVILANDHLQY,15,1
1022,RMVRYVCTEF,10,0
1023,RMLYCSLL,8,1
1024,RIMWLPNLKLLYSYMVLNFM,20,1
1025,RIIYMESLGCSVCLSLHYCS,20,1
1026,RIIWSFELVMVEL,13,0
1027,RIPAMGCNFSVCDPS,15,0
1028,RISFSSHFV,9,1
1029,RICYCTVKKGNISLSYFIRL,20,0
1030,RIFYF,5,1
1031,RQRVSD,6,1
1032,RQSGAPHARFVSREWSFTET,20,1
1033,RHRGWMR,7,0
1034,RHPTITVYALERNNTFGNM,19,1
1035,RPLYSTWLIDSTNVEQSLAP,20,0
1036,RPCLRDMNE,9,1
1037,RPFPCMYVIVNWPAYNYFT,19,1
1038,RPRFNAMIS,9,0
1039,RLVYATMAWKDFRYRCARHR,20,0
1040,RLVSFGFTCQIFYWVNWYRV,20,0
1041,RLLLSITNGSCVLCSACAML,20,1
1042,REQCKDCMIFKQNFSYKYVF,20,1
1043,RDKKIYLVMNPMSLSFSNYT,20,1
1044,RDHAYPDDIYCVLYVQISLL,20,0
1045,RDYSIIKMFSVLSIEESHFR,20,1
1046,RDSQSYQFNVDQNLVVNVAR,20,1
1047,RDFSFMVLRW,10,1
1048,RAKLKNFFMPRFQYCSQPDV,20,0
1049,RAQASYVIGIPPCVEERKDC,20,1
1050,RAIVVLCFNSIISLTPLSYS,20,1
1051,RGSASSLGFDYKYYGGSEYT,20,0
1052,RGFYGRVNVGVFAKLGYAIV,20,1
1053,RVNDNWCQEHYRTMTFMYFV,20,0
1054,RVNYNFMSVLWSDTVCWFGC,20,1
1055,RVEVCLRVATCCVV,14,1
1056,RVDAYFSLYFNDCSHTMMNT,20,0
1057,RVYARLS,7,1
1058,RYMSVNFYCSYMGLLEMRSS,20,1
1059,RYPGTYFYFKMSNRYFGFAC,20,0
1060,RYRFIPSTWKAKFLCAFSIW,20,1
1061,RYVYCWHKLLNAVKMAL,17,0
1062,RYYLCCFICPGFLCMAV,17,1
1063,RYCSFILN,8,1
1064,RYFMSLHHDNHCLVMTMHVD,20,1
1065,RSNYQCLTNYCYTWSYRSCK,20,0
1066,RSSVTISSYMILCPVDQGTG,20,1
1067,RSDYYMSNSKYVFGSTSSGT,20,0
1068,RSCKLKRIFIFNSYI,15,1
1069,RSTVINPAILMEFYTYNIFY,20,1
1070,RSSFSVKTYSSKLTVFCNR,19,1
1071,RWIFADASRIVSYALNMGF,19,1
1072,RWGNCDYWHCSIDIEFALFR,20,0
1073,RCVNYVSLTVQVTYPSMALH,20,1
1074,RLECKTFYSSVFFCK,15,1
1075,RLYWIIDPLNFDRY,14,1
1076,RLLCVGLVHNPEYNFFIYFP,20,1
1077,RFTCLQQFLNFPMWKSALRK,20,0
1078,RFILMNCSF,9,1
1079,RFAYNCSTVMISPSVRSQRG,20,1
1080,RFVFVKSIFVLTYVSDTSMG,20,1
1081,RFYFGLLEWDFKLYYSILWL,20,1
1082,RFSTMVLRVGYKSQRQDISN,20,1
1083,RFCYNDRQCHLEYVSEGVW,19,1
1084,RFFNICRYDNYWNCLMSLSH,20,1
1085,RFFEFTNQYLW,11,0
1086,LKACKGIDVLSSYYLLIN,18,1
1087,LKYGLNTCKWMGKF,14,0
1088,LKCMLLSCWYSILNKVT,17,1
1089,LNSKLAI,7,1
1090,LNMVFLLYMVVSVNCLSIEQ,20,1
1091,LTIYFLSPI,9,0
1092,LTATFVCRWMDLTVQL,16,1
1093,LRYAYVLLWCENVTISN,17,1
1094,LSMPFFSRTHTSLKVLCIKL,20,1
1095,LSSLQIVHSFNL,12,1
1096,LMMRLVNVSQK,11,0
1097,LINTYHFMVYMNKARKDGRS,20,1
1098,LILWIGIYKPNGCRIKFGSD,20,1
1099,LIVYTVVVFHGCGFHEGRWW,20,0
1100,LIYYNCVIYTLFGSACVDSN,20,1
1101,LILVRCVSKCPY,12,1
1102,LQIFQRTGSRQVCLMTYLML,20,1
1103,LQAWTASAGC,10,0
1104,LHDIWYARSTLVGHWVVEIW,20,0
1105,LHCHMTIWTASWAQQGMSCL,20,0
1106,LHFKSMFTRNHVYMKDIYFT,20,0
1107,LLMYRII,7,1
1108,LLMSNIICIRNGTLKSHTLW,20,1
1109,LLTPMKFGFSLVFRCVVRHP,20,0
1110,LLIYCVDCTVTLD,13,1
1111,LLPDSSNARQCYEDRVRRRK,20,0
1112,LLADYWYTRMCRDCETLPAS,20,0
1113,LLCNVQFYCNFLYVHTRTSN,20,1
1114,LDRLVFRFPLW,11,1
1115,LAMGQRYSYVMGWDTFCRPA,20,1
1116,LVIDFYIDLCYYYEG,15,1
1117,LVDQDRLLRCCIWSSTANMV,20,0
1118,LVYKEMEMRVVSYIVMLKHH,20,0
1119,LVYLVKSCSSSFQYCCPWV,19,0
1120,LVFIFENIVMFDSVHVTAVV,20,1
1121,LYVSFGMCILVNNLRIYMGE,20,1
1122,LYYIFDMDIFILAQCKYNNV,20,1
1123,LSRTYNFNLSYLFCASITMS,20,1
1124,LSLYSVCNFFSVVHTLYNHK,20,1
1125,LS,2,0
1126,LSLILCKSLNYLMVI,15,1
1127,LWFYRTYNCISYFVMICSLF,20,0
1128,LLTDGVKINYLWYFYRYFCD,20,1
1129,LLLVFSLEGKNITNKQYNTN,20,1
1130,LLL,3,0
1131,LFTGYHVIFIRNCSPVSSSL,20,1
1132,LFRKTDG,7,0
1133,LFLNPHQHLDTYNFVIVHYY,20,1
1134,LKTVDPALSMLRHSMTGSPS,20,0
1135,LKIILDFNF,9,1
1136,LKQNMVHVDKVIFSMYCGPN,20,1
1137,LKAYYLNTIFDSFVMFLCSI,20,0
1138,LNTKWMLLQTVVIIVFKDGM,20,1
1139,LNMRHVFELKQVAGWRDYWN,20,1
1140,LNYHGDDILTVIYSTHKAYM,20,1
1141,LNFTFNIFLIYLNRRCLSLR,20,1
1142,LTIIFNTDFNSHVVFDGIMM,20,1
1143,LTLTGVHYQDLCGLFCSIYY,20,1
1144,LT,2,0
1145,LTSLILYSSKLESEDQYRSS,20,1
1146,LTCIFNVFSFIVLTDYALSA,20,1
1147,LTMRSVSWLEWVATSRMYQV,20,1
1148,LRIWR,5,1
1149,LSISGSFHLTWLVWGDFIVG,20,1
1150,LSYCFIVNFGCQLVRYNKLR,20,1
1151,LSCIIVMWIS,10,1
1152,LSFGLTQRSL,10,1
1153,LSFFVIIFVLSLGIDLG,17,0
1154,LMQWSSSSVYNGPGQNDLMG,20,0
1155,LMLE,4,0
1156,LMDSYLKMTVLVKLVLFQS,19,0
1157,LMYLKCTYRIEFLSNGLGNN,20,0
1158,LIKYKWTEN,9,0
1159,LINLFGLFLFDKDDISRKYT,20,1
1160,LIQKKVYLLRWIYDDELFRF,20,1
1161,LIERLYNIHFQMCFIMSPYC,20,1
1162,LISANLSTAIGRSYERFRFE,20,1
1163,LISLLVFCSTEINCYSHKQG,20,1
1164,LICGWLHCYKGGLC,14,1
1165,LILCCDSSFSRNSTSIPAGI,20,0
1166,LQNC,4,1
1167,LPMIIMSGLFMRCSINYLVH,20,1
1168,LR,2,0
1169,LRTRSSLCNGL,11,0
1170,LRSNIYVSLSSTVLKWFESD,20,1
1171,LRCSCKVRHRERWAARQPFL,20,1
1172,LLTFYFDAVYSFCII,15,1
1173,LEYSDYGLSLTVYKSRSKWG,20,1
1174,LEFCGSIRINSYKVPSLL,18,1
1175,LDKYLISCSPACYCDNMICF,20,1
1176,LDFQDPINRWLSNSDFHN,18,1
1177,LAFNRVFYSYSCGSRGDRV,19,1
1178,LAFCYFLEPSSSSLEMCLME,20,0
1179,LGHYYMLFQTSKIIIAFSML,20,1
1180,LGMSWVLFRFAI,12,1
1181,LGQELAKFVLCY,12,0
1182,LGLRLYNYWLSLVH,14,0
1183,LGCIVYLNRRLESVCGTITP,20,1
1184,LVTSNLKT,8,0
1185,LVDVYKYFIFF,11,1
1186,LVWNCYSCSGRLIRTINWNI,20,1
1187,LVWCNIAHLNHRFY,14,1
1188,LVFSNLFLSRFTYHSYDK,18,1
1189,LVLGNIGR,8,0
1190,LVLFNSLVDRKPCRMIGIHR,20,0
1191,LYMLLNCHN,9,1
1192,LYVMYSYFGSTVSYRLK,17,0
1193,LYYFNLSPLISVYMCIVTMY,20,1
1194,LYCQYPNSFIQYVY,14,0
1195,LSKS,4,0
1196,LSNY,4,1
1197,LSIQPFCY,8,0
1198,LSDSIFVRINICIKWYSQML,20,1
1199,LSW,3,1
1200,LWLPSVKACSVC,12,1
1201,LWLVQDIGSWLCGCQVIGV,19,1
1202,LWVNNIVCHQSDVWCLICYL,20,1
1203,LWLVMLCCPF,10,1
1204,LCIWFMSLDLLCDINMSEET,20,1
1205,LCGQTSWLYRNRYHCGS,17,1
1206,LCVCFEICFY,10,1
1207,LCYTVTLYVLNFMSWVSR,18,0
1208,LLLNDVGLSEYICLYYTI,18,1
1209,LLYKDGSRLVLRDSYSWF,18,1
1210,LLFSIRMNLHDGR,13,1
1211,LLFFIPIYFLVVLRVSACRI,20,0
1212,LFKARDRERRYPRYSY,16,0
1213,LFTNFIIINPSQNNVFCIRC,20,1
1214,LFIGLDFSYSRITGLFTR,18,0
1215,LFIVLQDALCDVSILNPNKC,20,0
1216,LFLVCCSNTLPEIKARSDRV,20,1
1217,LFVRCYITILFSCFFCHGTA,20,0
1218,LFYSLSYSVYF,11,1
1219,LFYDRVWITNALFSDYSFYQ,20,1
1220,LFYFCSWGS,9,0
1221,LFCSLLLRKWKLDTVSQSYN,20,0
1222,ELTQVTSNLWCCLGYGGSSC,20,1
1223,ENETRKMEMRFYIESRCVDL,20,1
1224,ETSVYITSMINVTLF,15,1
1225,ETCSHHRWRNIFRIIL,16,0
1226,ESTVLSVGVECLCGQFNLPG,20,1
1227,ESP,3,0
1228,ESDLVNRRIYRIPFSVCESR,20,1
1229,ESACCFIALITC,12,1
1230,ESSINYSCWFGSVYYLYKTL,20,1
1231,ESLLSLSSSCIIYGRILQMD,20,1
1232,EMMMTRFIFRRVFQGNSCIF,20,1
1233,EIFEDVYCKCILKYKMVLIF,20,0
1234,EHPRFCLNFFSSIYDPLYMF,20,1
1235,EHVMVRTGSSKCGVTCICSS,20,0
1236,EPSKAAWVMTMRIISWVHCC,20,1
1237,ERAQYTS,7,0
1238,ERKYYMWPSD,10,0
1239,ERRMSNPSCCSVFVFRYIKQ,20,0
1240,ERVNTGTTVYLWLETNVRFY,20,1
1241,ERVCMACLIN,10,1
1242,ELEGTG,6,0
1243,ELASESLFWIF,11,1
1244,ELVVSVRGIIIMFVLNRRLY,20,0
1245,ELLLIMNSRGNMWVSNWGMK,20,1
1246,EELSQEGLTITNTCAAP,17,0
1247,EDNGNWKSFSSVIGMYMC,18,1
1248,EALIRG,6,0
1249,EAQVLVKNKGEGGTFVGFSL,20,1
1250,EAYVCVMVGLFSDNEKHSSF,20,1
1251,EAFCMLWSRNWRHSTNINDT,20,1
1252,EGLISWSYNVQVPGEARRSE,20,1
1253,EGAYE,5,0
1254,EGAFISHAINYLHETNMHKW,20,1
1255,EGGALRRLFYARRCIDFPAR,20,0
1256,EVRYLICL,8,1
1257,EVMEGNSMAVLCMYLECCVG,20,1
1258,EVLYLCWF,8,1
1259,EVSRRNNPKDGMD,13,1
1260,EYTFYSVWPVIFQAFFLSTP,20,0
1261,EYTNFVLFATTYSCDFGGFG,20,0
1262,EYEFV,5,0
1263,EYACKLSYHLFYE,13,1
1264,ESRNLLTVYTFPMDLNVYLW,20,1
1265,ESRLLINVVIISEFPGSVFF,20,1
1266,ESSNVDGPASFVYKNYVSWL,20,0
1267,ECSLVLSPKASMRLFYTVEL,20,0
1268,ECQKYMNYWPNAVYYEIVYF,20,1
1269,ECLAMNSLFQLLGIFFRNNE,20,0
1270,EC,2,0
1271,ELRTRYMLVMWVIVHFVVHH,20,1
1272,EFRVNWIIL,9,1
1273,DKLLCYSFYNCSCGVVKNIM,20,1
1274,DNSDFSRWAL,10,0
1275,DNMNGSDVGFLWETYCYFIL,20,1
1276,DNPGMGNIGLFLVIIALNCS,20,0
1277,DNLDWIFRFLFNLIVHTEMG,20,0
1278,DTICCCSPSVGFVVKRYIFE,20,1
1279,DTAICWTSSYIVLQSRF,17,1
1280,DTTNHNVSMWWVRLGMCLMM,20,1
1281,DTRIV,5,0
1282,DTASTCEYDWVIIFYSE,17,1
1283,DTSMVWTVNVIMAILVLISY,20,1
1284,DTSWVSVFGCYGNKMGI,17,1
1285,DSTCWCIIIPTCFRQDVVLT,20,1
1286,DSSLCAVLEEHRTWNRL,17,0
1287,DSVRVMRTLGRNVGRMGWIG,20,0
1288,DSFGCNSQYISIFSVFFTTR,20,1
1289,DIYYFYPVYL,10,0
1290,DQNIYGIDISRFFTFLVSHF,20,0
1291,DHSCFIVLSSSPYVFVTCDS,20,0
1292,DPPEWRVQLYYWVMCSYC,18,1
1293,DPVERQLYTRELYWSKWY,18,0
1294,DRVTVMCYTLYMNNVKFSYN,20,1
1295,DRDYFSVVDMRFVTGLFYNR,20,1
1296,DLMFSYFVVRIGTTACYYFY,20,1
1297,DLSTNVFFCFIRLFNFMNVE,20,1
1298,DDMLWVYENNLRCLLKLPQK,20,1
1299,DAPYRLCMGYFFFINPRYVL,20,1
1300,DGFKRTVVRVTVNFVWHSTR,20,1
1301,DGQTSIGTLEFNHIFFCSVG,20,1
1302,DGVYTFELLGVNSRSVNT,18,0
1303,DGLATMFGVGDFGPMQVGVC,20,1
1304,DVVAYHSLT,9,0
1305,D,1,0
1306,DYYFLGIDLSAKVGSLYSWK,20,1
1307,DYWRVSNSVCSLYSAYCQ,18,1
1308,DYFLMKSIDRMEYLEILQLI,20,0
1309,DSTSNTRLSSCCDTWVIWII,20,1
1310,DSTVINILSFLEW,13,1
1311,DSRVRMDYIIR,11,0
1312,DWVFVSHF,8,0
1313,DCTCCDIMWSTTSTIDRIS,19,0
1314,DCRMLLFTGLIWDCKFLENY,20,1
1315,DCDRRRLRCERCEVKSWA,18,1
1316,DCDCTGGIEFCGSDGVLMRV,20,0
1317,DCGLCSYSRVYCLPLDAVLL,20,1
1318,DCFLLSFEVLEIHWMLLVFY,20,1
1319,DLITTPASNLFETDNLVVLH,20,0
1320,DLSL,4,0
1321,DFNMQIDFDLYSHY,14,1
1322,DFRPSSLYSPRNLFWCHFNR,20,1
1323,DFEVCLTSIVHLGNNIKVNL,20,1
1324,DFELADKGLHESDKWMLVNM,20,0
1325,DFDLSVRIVSGLVLGLHRRW,20,1
1326,AKYFFCYIKYVIN,13,1
1327,AKSVLLNIQIYRNTLTRTAI,20,1
1328,ANSISALYCNLNTFKCLCVH,20,1
1329,ATIDCWFQEIIFTLCFFTKF,20,1
1330,ASKDF,5,0
1331,ASCRASVSIFVFSMSDCNIA,20,1
1332,AMTWVVGNQWVMRAM,15,1
1333,AMGCRL,6,1
1334,AMVCNWNGAFSFTKQLSKL,19,1
1335,AMFTTNYILFELNFFSTLCR,20,1
1336,AICSIVCWCTTSFGVE,16,1
1337,AIFGVRVTSFFVSDFVEKGC,20,1
1338,AQPNYSVC,8,0
1339,ARCCYVTDDFYMHRSRHMHR,20,1
1340,ALSLNRIVELYFYMSFYGIL,20,0
1341,ALVCK,5,0
1342,AVRNDMCSNCSFYLKSFLPS,20,1
1343,AVEMHFSNMFMDNLIWSCRI,20,1
1344,AVVVGACIVMYSGRTVPVRV,20,0
1345,A,1,0
1346,AYNNCNNCFSLYFLLGYHAW,20,1
1347,AYNLSDYNKFQVMTYCLFRF,20,1
1348,AYIPFVGFRLNTGTGMELLL,20,1
1349,AYIFSDC,7,1
1350,AYQPDFSTATVGNYYLRPDS,20,1
1351,AYHLGDNMEYFHVRRDRQSK,20,1
1352,AY,2,0
1353,ASTPSLYG,8,0
1354,ASSICFANFIRDVYWNLDLA,20,1
1355,ASCLRSLVVEECVNDGYTTG,20,0
1356,AWYGISFPLIWCSNGYIIYL,20,1
1357,AWSQNHCRNNFYTSNVLLLF,20,1
1358,ACGRESFVGGWSNYEQ,16,0
1359,ALNENYLTVVSFIYCS,16,1
1360,ALFAVRTCAWGYNCLEYNKC,20,0
1361,AFLTNVFSMNYAYTWNSSEV,20,1
1362,AKTVFKSWGVKCKRVREKYR,20,1
1363,AKLYAQQYNYSTSYFNFIER,20,1
1364,ANTIKFAMCMFNIWSMSFHA,20,1
1365,ANSPRILSDISY,12,0
1366,ANCRNREMIFWSLYKRFTLN,20,0
1367,ATGFAVLDNVESWLTHSTAG,20,0
1368,ARVFTCNRIVFDVGIQSNSK,20,1
1369,ARLIIYLYNSEVIQWVSNYW,20,1
1370,ASGSGHKF,8,1
1371,AMMSIVGVVLTGSCVSGSIT,20,1
1372,AMRYTSLQGLENSDGPVVSW,20,1
1373,AMWLTGGCKLSFPGCGSLWT,20,1
1374,AMFMFF,6,1
1375,AIRVTISCNVVGTYCIICV,19,1
1376,AIRVMERMCNG,11,1
1377,AISRRSET,8,0
1378,AIARMKWDITFISVFGRTSI,20,0
1379,AIGFMNVSNYSCVYVEMELK,20,1
1380,AILECYLRASTNGGYWFVRN,20,1
1381,APLWSYRFFSRPRAYPTNSQ,20,0
1382,ALVLLASISLVSILSLLWFL,20,1
1383,ALSSKNYIQRVWFCVFYSED,20,1
1384,ALDTQTT,7,0
1385,AEDSNTIYNVRYGSISWG,18,0
1386,AECIISCHIGNRRSCWSTRQ,20,1
1387,ADARCSVIACIGYSCMVVYS,20,1
1388,AARYVFILS,9,0
1389,AALALCYLALIPTSVLGGAK,20,1
1390,AALYSVSFEKGFCFTLSLCK,20,1
1391,AGYRSAW,7,0
1392,AVSYLTVMSGENVTFFG,17,1
1393,AVA,3,0
1394,AVFNGLYNWFLYMIFYFNCG,20,1
1395,AVFYFRCGCIS,11,1
1396,AVTVYTRWWPFHIIHYKIMW,20,0
1397,AVANYVNVLCIGLNISFYRH,20,1
1398,AVYNNMPIATFITFIDYKI,19,1
1399,A,1,0
1400,AYSCFLFYFRIYLLPGMRIR,20,0
1401,AYRWVFCIRGVCCRFTSIDL,20,1
1402,AYAEMENLHNFHMNSCCGLS,20,1
1403,AYVYCI,6,1
1404,ASYSGASFCSILN,13,0
1405,ASC,3,0
1406,AWNSFVSCHFALTSDGKNGL,20,0
1407,AWMPIVMANITVILTFRSAC,20,1
1408,ACTIFSTVLNVVRYFKYFIR,20,0
1409,ALKTNSNSGYVMACFNCSRV,20,1
1410,ALKDISILFCGSCVLYRIFA,20,1
1411,ALSTFFSWGGNLYFMLTINA,20,1
1412,ALLKIDYWAYGNYFVGTFSF,20,1
1413,ALLVFNWIIIPNLDYFLG,18,0
1414,ALFYMYFGGVKAGSRLKMNM,20,0
1415,AFTDSWFRKDMTSWCRLCYD,20,0
1416,AFINSSYSFTMILEKN,16,1
1417,AFLGSYVGVVLHRASIYGVV,20,1
1418,GKTLSLYFMLPIYSGNKLSL,20,1
1419,GKLLCRVKRPILFYKIRTAI,20,0
1420,GNTFDSYWWTSLKCFNVLCE,20,1
1421,GNSCYSGLISLKNDDNYWYL,20,0
1422,GT,2,0
1423,GTWP,4,1
1424,GRIDYYVNRTYSFCFMDFSG,20,1
1425,GRLSQTIRLSILFSG,15,0
1426,GSKTWICSWSGYYMENFVSG,20,0
1427,GSVEKNTRYTIEWCVMLFGT,20,0
1428,GSWHQMCTRTGLFNHKS,17,0
1429,GMPLHG,6,0
1430,GISVYSRSWCVIGMWRTCRA,20,0
1431,GIIPYFAFFVFGREIDIFGY,20,0
1432,GIYIGWYLCQINYLRQKNKG,20,1
1433,GHWISVRGRDEGRPRQNVLS,20,0
1434,GPRLGVHRYYYSRAFGSY,18,0
1435,GRILIQPYTTQSFFYTTIPL,20,1
1436,GLRCGRKSSY,10,1
1437,GETQ,4,0
1438,GECLRVHWNRWGY,13,1
1439,GDSCVSKREYSRDVWFNFLV,20,0
1440,GDFHGDVSVGWKVMYNRWFR,20,1
1441,GVNL,4,1
1442,GVMSKWFYTICSVNLWSLKG,20,1
1443,GYSFLQQCKGMLTLG,15,0
1444,GYVDIGYMIVRLAYHFSSD,19,0
1445,GYVYYGFLKNCSVGVPWPS,19,1
1446,GSGMCIYIRFVQDLSERVLS,20,1
1447,GSRIVRYELGIAGLNGSEVL,20,1
1448,GSIVKRDIGSFTFLYSFTRS,20,1
1449,GSIYQIACSFLDHLVVRNHR,20,1
1450,GCTVAKSMIHLTLT,14,0
1451,GCGYGLCFYNLYLCTVLVKV,20,1
1452,GLMISVLCNFNFGWKSLLS,19,0
1453,GFNRNSSTNS,10,0
1454,GFNYLSAMQDNFLCNIIFFG,20,1
1455,GFEGNLDNPVCFYSTSGERD,20,0
1456,GFYQMWFCV,9,0
1457,GFFYVDPIYTFFGVRMC,17,1
1458,GKITGVVICIMTGLPC,16,1
1459,GNRCLTLLY,9,1
1460,GNMYVTLVIDFDIAGPIYCG,20,1
1461,GNDTMWFLNVLTCYHHFMDM,20,1
1462,GTTRVNCLQC,10,1
1463,GTIGLT,6,0
1464,GTVRYVSLLPALQNSRVVGW,20,0
1465,GRRTWWCFSPLCGVDFFLNR,20,1
1466,GS,2,0
1467,GSYNYCIFDAADMM,14,0
1468,GSLGIKTFLSSCNLCYKFIL,20,0
1469,GMRVQIQRDSCRNYT,15,1
1470,GMEFRFGVGGFGDN,14,1
1471,GMDLFMQKGVNRPIYHAILS,20,0
1472,GISYDWIWMSVRIDSVICNL,20,1
1473,GIIQMCNIVTMCLVVRNLMW,20,1
1474,GIQSGYTFLVFTDIVMSTDQ,20,1
1475,GIQCTLCFTD,10,1
1476,GILCRCFLRPLDFYNYYCYK,20,1
1477,GILFFLFTRW,10,1
1478,GICCCALGCSNIIFVRKNGS,20,1
1479,GIFVNCLVMYSDCLIS,16,1
1480,GPKYNSMLMIVSQTKHIM,18,1
1481,GRLELLSCWFGRCNVHGDEL,20,1
1482,GLTMAKFEWNFEYSVYFNLS,20,0
1483,GLSIGK,6,0
1484,GLCRRSSIAYNFTIVVDLQ,19,1
1485,GLKLNCWCSVAML,13,0
1486,GLNRSMFVFKTCSLFSIYCT,20,1
1487,GLSFSHYAGIVFFRHVCSS,19,0
1488,GERDITYVWFFECCATLMWY,20,1
1489,GDMKNAKTLWIMYSTRFMGQ,20,0
1490,GDCLV,5,0
1491,GAILFCAPEKADDMVFFPII,20,0
1492,GASPVVITMPLFVMFQWNLG,20,1
1493,GALLE,5,0
1494,GGIIDWNVRNYTQLISNHFY,20,1
1495,GVNLEMDIYCFIFV,14,1
1496,GVTFIGRQTYGLYCIVGF,18,0
1497,GVWYSYYVSDSSIIFAFRDF,20,0
1498,G,1,1
1499,GYICISSFNRYMYVVESISC,20,0
1500,GYHSTVYAYIKPQFL,15,1
1501,GYVPYQVANLDFGCGFADCV,20,0
1502,GYV,3,0
1503,GYYMFFKLNIGAVWVVEKTS,20,1
1504,GYSCTRVIIWCAYRFEGGTS,20,0
1505,GSNICTWYFKF,11,1
1506,GSMCNSCFLTCCIESFSWSM,20,1
1507,GWIIAMFLLKEIR,13,1
1508,GWLEYNCLVRI,11,0
1509,GWVFFGSDIFANIVWMCYHD,20,1
1510,GCKYLEASSVYIF,13,1
1511,GCSNSIVFFLRYYLIPDLSG,20,1
1512,GCMLSPTWMIYPSMVNVYRY,20,1
1513,GCVGLFMGGKNNVDVGGMEN,20,1
1514,GCVYGPPGKNWIVD,14,0
1515,GLRYFSSWRLIGYSCVGCLR,20,1
1516,GLSTYSLMYCSPSMAASCYW,20,1
1517,GLLD,4,0
1518,GLFLIIFTSR,10,1
1519,GFNMYYNNFRLCLLSCSPVS,20,1
1520,GFEI,4,0
1521,GFDKFYSIFCYVISNNDMVC,20,1
1522,GFVCWFLNIGSFW,13,1
1523,GFSMMFFNGRKFLMDKL,17,1
1524,GFSCWSSKYIGLKVG,15,0
1525,GFWVCSSFSQKRCVRNTGPN,20,1
1526,VKRDVIQLWPSS,12,0
1527,VKICRINEKVTISL,14,1
1528,VN,2,1
1529,VNLCLGVVWFIWPVRADYRP,20,1
1530,VTVGINLGKMPRHNWTRRRP,20,1
1531,VTSGYNLCARFMVGNCCWIV,20,1
1532,VSKSRTRYVKRVLQHSFCWL,20,1
1533,VSNVR,5,1
1534,VSNCACDNNVMDAGKTVRVT,20,0
1535,VSIVSLDSKRYVFILQT,17,1
1536,VSQIHTISNSLVTSHCSRIR,20,0
1537,VSPIRL,6,0
1538,VMNLNFIMSMLMVVK,15,1
1539,VMRLKRFYYYVLYI,14,0
1540,VMYFMNMQLFWYSVLGGEVA,20,1
1541,VMSEEFNVYLKLAGYIFCT,19,1
1542,VINMRWFAKE,10,1
1543,VIMFFFSSCCCTGCVT,16,1
1544,VIIILASITFVSN,13,1
1545,VIRFPVDCTSFFLVSISGVK,20,0
1546,VIYDWSEYTQNIVLMELRGL,20,1
1547,VILSVQF,7,1
1548,VQLH,4,1
1549,VQCDIRYTVFFMVKVKD,17,1
1550,VRFFAGQPGKVLSGMECWRM,20,0
1551,VLMFNFWCYMYVLGEWPGF,19,1
1552,VLVLAWNFTSSGSEFWTPCA,20,1
1553,VLYVGMSVSKVGS,13,1
1554,VDNEDSVCKRSIIFL,15,1
1555,VDEGSVQGVLDVNVSWHTFL,20,1
1556,VDGISLFFGFHLDYLYRREV,20,0
1557,VDVRFILISFISCCMLCMYT,20,1
1558,VGNNCLKYFIPPMG,14,0
1559,VGT,3,0
1560,VGDVVNMSYSTAVRLWQYSL,20,1
1561,VGYIYYFNEYSVLKTPRAFL,20,0
1562,VGCTSMMLFMGKVYSCYLLF,20,0
1563,VVKYRISVAMAMYDDRTWQI,20,1
1564,VVIKNYPWLVGQMCIDVMRC,20,1
1565,VVILLVRELTLTEGCTNSTA,20,1
1566,VVIFSLTSRVSEAI,14,1
1567,VVLVYRGLRRTRSCSEDVQW,20,1
1568,VVAIQYFG,8,1
1569,VVVNVVVGYCFWGIERSSVR,20,1
1570,VVYASEHLGGFGF,13,0
1571,VVCICGFWNTMQTRLYIKCY,20,0
1572,V,1,1
1573,V,1,0
1574,VYIPSWEPR,9,0
1575,VYGVKTQGRCEIYSCPMGVD,20,0
1576,VYYDVKEGPMYKRCVVGSYG,20,0
1577,VYFTCQCFNMVWMVEYQLGL,20,0
1578,VSRCGLSFYYNTILCYNVSV,20,1
1579,VSNRTVGCNGVFGFVFIMAV,20,1
1580,VSFFLYGWLVNMYLRLFKNN,20,0
1581,VWLVYVIAWNVGQGSINVLQ,20,1
1582,VCDVKVVVITDCHRLLNLQF,20,1
1583,VCALIVILCV,10,0
1584,VCGLGMGLMCG,11,1
1585,VCFYSCLLVRGFRSKTHLVM,20,0
1586,VLISSYMYSWNLDGQPMSAL,20,0
1587,VLIFYLLTFIIVVGFRSYP,19,1
1588,VLQLSVMRDYVYIRTYMSGC,20,1
1589,VLEAVMNCNGMKVTWLSPSL,20,1
1590,VLVGKYYTIICFHNLAYIER,20,1
1591,VLFNVVNRG,9,1
1592,VFKYWVVLGCSYMIT,15,1
1593,VFSLLSVLYYGEEFGRYWCR,20,0
1594,VFSFLPQKTGCEEFPLLT,18,0
1595,VFMMRTVDVMFW,12,1
1596,VFMDWMIAWSKYGSDRSRYL,20,1
1597,VFICGVLI,8,1
1598,VFYFIVR,7,1
1599,VFSIELARRNKCGRKLGDGC,20,0
1600,VFSVNSLSLVIDDIKSGYCS,20,1
1601,VFCILVGYGWAFYGPMLAVG,20,0
1602,VKICRR,6,0
1603,VKYCILDVCVAWCVVPWSES,20,1
1604,VNRSNTYWIIVHAPGSFLTI,20,1
1605,VNMMFSMVFR,10,1
1606,VNMVDIFRCNYLY,13,1
1607,VNDM,4,1
1608,VNYSIDYNVMGGRFHYKWLW,20,1
1609,VNSGRQYVIIITLS,14,1
1610,VNCSIKVCCKCLFMRLINKL,20,1
1611,VNLELYMTCFLDTRVIKFRI,20,0
1612,VNFQTYSITM,10,1
1613,VTTQDNTSGY,10,0
1614,VTIGNLVLLCWWSERSWEYG,20,1
1615,VTKFYITGMTCSSCYLLDIF,20,1
1616,VTNIAYFYCVFQAYPSSLVK,20,1
1617,VTQVRSRKYCVVRICRSNAK,20,0
1618,VTGFVDSWAERYTGESWFDC,20,0
1619,VTYYNNFACSCGSRNGRYVW,20,1
1620,VTSTYAVNRQCKKTDFYML,19,0
1621,VTCRESSTGMDGFVMKLSKE,20,0
1622,VRKRAMDLALTKLNSKGEI,19,0
1623,VRTSCITMSLHLIVCHT,17,0
1624,VRMWWCPTLNMFYCKRDTVK,20,1
1625,VRRRILSRRDLMECLGL,17,1
1626,VSNLFLVSQGNPRI,14,1
1627,VSPKISGFWMRYVWEWHVL,19,0
1628,VSGLLRLCWRRSRKWQLSMP,20,0
1629,VSYIKMTKMLMHLYEGI,17,1
1630,VSYPTQLFGTYISPMFYFRD,20,1
1631,VSCCGFFQGK,10,1
1632,VMNSFNILLICY,12,1
1633,VMLTAGTFFIYCVKCFATSS,20,1
1634,VMLYWTRFSPTFLINFVGTH,20,1
1635,VMEYKAKCLIYL,12,1
1636,VMDLVYTVRILQRWMRATIF,20,0
1637,VMGFIVCYVSFLDRAALTSG,20,1
1638,VMFSNYAIEKFTYSFLLCVL,20,1
1639,VMFCMSYNISGV,12,1
1640,VMFFGMFTICVDYLVIFSDM,20,1
1641,VITFAKGYF,9,1
1642,VISMQYCVIKDRNVEANTLV,20,1
1643,VIILFV,6,1
1644,VIILLCSY,8,1
1645,VIRTQDLGSTYDKL,14,0
1646,VILLI,5,0
1647,VILVICKSK,9,1
1648,VIAANTLFSVYSAFCEKNGS,20,1
1649,VIGEHERNVVVKWIVNRVLF,20,1
1650,VIVVFCV,7,1
1651,VIVIFR,6,1
1652,VISMCEFPVVIQMPDFWA,18,1
1653,VICDMSDVIYTQSFLEYG,18,0
1654,VIFGFSCKPQT,11,0
1655,VIFL,4,0
1656,VQKLTVKEWRLSSRLMNRGS,20,1
1657,VQMLWKFVFEKHM,13,1
1658,VQIFLYRHTLYSTCMTYVLD,20,1
1659,VQYNFVGLLGMRHCESVWTG,20,1
1660,VHPTWLIVCDRWYMSTEVML,20,1
1661,VHSNNNVWLYIGFNIFSWDI,20,1
1662,VPSISAVSVKCYL,13,1
1663,VPPFGMFICNLRCFFWLGSA,20,0
1664,VPLRIISSFLLGIDFVEMFG,20,0
1665,VRYRSWVVSLNTGPNADLSK,20,0
1666,VRISTKWYLSVPIEKSMLTS,20,1
1667,VRIGNWNLMLSASVGNTRLW,20,1
1668,VRSDPVFSRMICEVFFDVLG,20,0
1669,VLRAIRLTGCSVVACLRSVG,20,1
1670,VLDKGCCLYFIQMYRCGEIE,20,1
1671,VLWHSLFYTRFRILFSSST,19,1
1672,VLTMLRILSYTI,12,1
1673,VLSDKDGMYYMYDHEQSIRD,20,0
1674,VLDPQGHVLLFEVLSKTVL,19,1
1675,VLYVIRYSFAW,11,1
1676,VLSIFASNPAEIWDIRTELS,20,1
1677,VLCLNITRSSDRYQSNINDY,20,1
1678,VLCLFFSRIE,10,1
1679,VLCFRTFRFFMQSQKPMWSG,20,1
1680,VLFVIMGIFNVGLLTENDNS,20,1
1681,VELIWQVKILTLLNTSNI,18,1
1682,VEFLYCKMYG,10,1
1683,VDNS,4,0
1684,VDIWWMVCQQVIHSTYHWGA,20,1
1685,VDSIYVFSGDWFRFLRHFQK,20,0
1686,VDFVEVLDSSLRCQVDIDTI,20,1
1687,VAIFTVYLNNV,11,1
1688,VANFRDEYFLISFYVSM,17,1
1689,VAGTGSSCKVGYRGNFYCFM,20,1
1690,VALNGTIYLSQVNLLVLVRV,20,1
1691,VGLVHLSRGTYWFYEG,16,1
1692,VGMNYCRDTSSSWNNYGLGC,20,0
1693,VGLPVSILKN,10,0
1694,VVRMCSLVSLLLSGCYMHYH,20,0
1695,VVLYTPNFYSIACSGGGYK,19,1
1696,VVSSSVYMYQSVNFFDKYPA,20,1
1697,VVNNYVF,7,1
1698,VVSFTFPGRVYPWNK,15,1
1699,VVSFMVSVTNLYAGQLFGVW,20,1
1700,VVMYCSCDSDGLCLGSI,17,1
1701,VVIVKCFLCLYCDA,14,1
1702,VVLKFTEVLSQKYNNVSIIS,20,1
1703,VVLVRVRNESFQSYFR,16,1
1704,VVLKSERRKVHFD,13,0
1705,VVEVMTNNQLNESLEYGYFC,20,1
1706,VVAFTKVSGYKGYVFCLVGK,20,0
1707,VVGCASFNGMLYGFCSRCRN,20,1
1708,VVWIIFLEYIDMIDLSNCQL,20,0
1709,VVWLQLL,7,1
1710,VVCVYEIMDSTVYYTHHDIV,20,1
1711,VVFNVRYNA,9,1
1712,V,1,0
1713,V,1,1
1714,V,1,0
1715,VYKTSVVSDMNCIEMIQMFH,20,1
1716,VYNLREWSVNSFTYFLEF,18,1
1717,VYTTVLTYDLR,11,1
1718,VYSIYILRNYFTYVIFTYDR,20,1
1719,VYIDTVFLWSYMELIPNSVL,20,1
1720,VYQEVILCIYL,11,1
1721,VYGVYWSARFDINLRRNLNW,20,1
1722,VYSELNFFYFDRNVLMMTLA,20,0
1723,VYFTGHKVDSIFSLVTMYSR,20,0
1724,VSTARISRSKCQYSQNETRS,20,0
1725,VSAIFYIVTMNMFAQSC,17,1
1726,VSVQMNFRLT,10,1
1727,VSYFNLENITIAVMCSHTRG,20,1
1728,VSYFSCFRTRMWGTNSHMLF,20,1
1729,VSSPLSIQTMYYY,13,1
1730,VSFDSIINRGRCMQNGVWGV,20,0
1731,VSFSRSFLFYSCGDTVLLVF,20,1
1732,VWNMIVTLGDNREMPCHPGT,20,1
1733,VWEQFLIVISFKLNNNVFSH,20,0
1734,VWAWSLHYWQVSWRGMWRCC,20,0
1735,VWVKVTDRSYLFGMIPVDFV,20,1
1736,VWVIECYVDNRSVKAKRWLQ,20,1
1737,VCNYGIIFNWKSPADNRMHI,20,1
1738,VCIMYINQ,8,1
1739,VCWYTAWFC,9,0
1740,VCFCCSGLVVGSMRDWVIPQ,20,1
1741,VLKYFPYPITLVSTYLIVQE,20,1
1742,VLSNSPVNISSFYLLKVGPW,20,1
1743,VLMDICCYVKVRLIKNGMMS,20,0
1744,VLICVYANFVRSPTGWYMSF,20,1
1745,VLPQR,5,1
1746,VLEGCDIFLVSKINYDVGL,19,0
1747,VLVNALDDRSFVYYNFSVCM,20,1
1748,VLVYYCCFTSIVM,13,1
1749,VLWKVYTYKHICDLNIGFYI,20,1
1750,VLLKGFCMTFSAVGH,15,1
1751,VLFMSGNFVIIWRLLSRGAM,20,0
1752,VLFIRF,6,1
1753,VLFFRNFLLDSLFKDRYLNL,20,1
1754,VFNNRWIWNNAVVLNDLKYA,20,1
1755,VFNWQLYIMTYIAITIDYRQ,20,1
1756,VFTIIESSVVHQYKVSFLNH,20,1
1757,VFTGVCVVCFLIIESGRIYS,20,1
1758,VFTYISSPYI,10,1
1759,VFSVYACQADFRWRPYDDLA,20,1
1760,VFISDGLVFGSVCKFRSLTF,20,1
1761,VFRHNENVVWSVSSYMYFFV,20,1
1762,VFLWWCSCV,9,1
1763,VFGGLWIRIFHVEECLKPWE,20,1
1764,VFVHSGCLIVNMEFNYY,17,1
1765,VF,2,1
1766,,0,0
1767,,0,0
1768,,0,0
1769,,0,1
1770,,0,0
1771,,0,0
1772,,0,0
1773,,0,0
1774,,0,0
1775,,0,0
1776,,0,0
1777,,0,1
1778,,0,0
1779,,0,0
1780,,0,0
1781,,0,0
1782,,0,0
1783,,0,0
1784,,0,1
1785,,0,0
1786,,0,0
1787,,0,1
1788,,0,1
1789,,0,1
1790,,0,0
1791,,0,0
1792,,0,1
1793,,0,0
1794,,0,0
1795,,0,0
1796,,0,0
1797,,0,0
1798,,0,0
1799,,0,0
1800,,0,0
1801,,0,0
1802,,0,0
1803,,0,0
1804,,0,1
1805,,0,0
1806,,0,0
1807,YKTGIKSLY,9,0
1808,YKAYITCMNGFLFVGMTHYA,20,1
1809,YKFTFNASGQKTLVLLRVHM,20,1
1810,YNNGMWRVICMDIW,14,1
1811,YNNYFILGYGISEVQVFLSV,20,1
1812,YNMVSIANVWYLFNFSQCVR,20,1
1813,YNMCCMRGSRTNWYTCGYNH,20,1
1814,YNLQEPLFEHLVIFVKCAHL,20,1
1815,YNALFLLKQCNYFKARCTLF,20,1
1816,YNAFVDNVVQVVFSYRHHGR,20,1
1817,YNVLYPCYRGNIKRSQNFHM,20,1
1818,YNYLISTLSYCSFRNNILSK,20,0
1819,YNCSFELADFY,11,0
1820,YNFNVFMSLLLSDAVSHFCF,20,1
1821,YNFHILRVIYFCYYVFSHPR,20,0
1822,YTTKGIMIIYFCFFGW,16,1
1823,YTTRFAWVNILGLHHYNYQK,20,1
1824,YTMSYFCWMYG,11,1
1825,YTIVFKMFYLSTDRITLIIL,20,1
1826,YTDMDLYLNSFAGSFNCASC,20,1
1827,YTGMYFKRVVICFQITWPMV,20,0
1828,YTVGLVRKDSHTCGVFFYS,19,1
1829,YTSIARRLGSVNMISCSWSA,20,0
1830,YTFYVFLTALCLI,13,1
1831,YTKSYYFNFEVLPHGNCCM,19,1
1832,YTKVQWSFMFCFWDISVYEY,20,1
1833,YTIGMCLRSFPCYLK,15,0
1834,YT,2,0
1835,YT,2,0
1836,YTSFVYFTVSKGTQRYHNCL,20,1
1837,YRLDVVNGVLLCTWCTKEST,20,1
1838,YRHVELHWKV,10,1
1839,YRGEQEICAVYWCCKFFWY,19,1
1840,YR,2,0
1841,YRFPGHHYMICNMKNGSKKC,20,0
1842,YSKYLFYGG,9,0
1843,YSNFGWSITPSSWSRLREYW,20,0
1844,YSTTRLGFFLIDLCTTSKID,20,1
1845,YSMCNSFCSSNGVWYLNAAI,20,1
1846,YSDCNVYLYASIY,13,1
1847,YSVIDFSLVMYLMLSIVRAS,20,1
1848,YSFRAYNINWPVIDLMFNPY,20,0
1849,YMSDVVKTSCCHL,13,1
1850,YMIGMVYSLVLYTTTSS,17,1
1851,YMRLNFQGT,9,1
1852,YMASDNGNFFFINEFFIIVM,20,1
1853,YMGVEISRCFDSF,13,0
1854,YMVFLVSVILVLSGCNNIGN,20,1
1855,YINAVFYISKSRVWVYKF,18,1
1856,YINGYSFMHMNVVRYREHYT,20,1
1857,YISKMATQERAVCMGMCWCQ,20,1
1858,YISMNMCDYGVLYLFVNFWV,20,0
1859,YISCTSCECGNSATNRRRFR,20,1
1860,YIICYSNWFD,10,1
1861,YIQYAYIYQFLCYSFFKPNP,20,0
1862,YIPRLFQSCSRCSLT,15,1
1863,YIPLLFFGAEMFHP,14,0
1864,YILSFSL,7,1
1865,YIEMSYAFWAFTWNCFALDF,20,1
1866,YIEAIIIWVSRDISSH,16,0
1867,YIGGGTEVK,9,0
1868,YIYMGQVCVYLSE,13,1
1869,YIYQIDMIGSFRMWNTGNRM,20,1
1870,YISVITFSSVIYFAKFHQSE,20,0
1871,YICVVLLFRVNHSCRASEHV,20,1
1872,YICFYCRSHVRSFRETQFLD,20,1
1873,YILTCILFVNPPNLSNPS,18,1
1874,YIFNCTMFQTIVLESRIGFT,20,1
1875,YIFRRSFLYFVNRSWDISNN,20,1
1876,YIFVVVLLLINTHFVRTYKS,20,0
1877,YIFLFMCSPYLWTNAETHLA,20,1
1878,YHPRFQKADLTVIDCLNMLF,20,1
1879,YHRAKFSCFVVV,12,0
1880,YHLNVYIDDMVCFARYQWYS,20,1
1881,YHSEQWDGVAKSDISVLCCL,20,1
1882,YPNNNHFFLSTVVSSVRIYL,20,1
1883,YPNVYCGMNVNM,12,1
1884,YPDLGGIYDRCRMNVKRCCY,20,0
1885,YPYTHVNNLSWVFNMSFVFS,20,1
1886,YPCTPTW,7,0
1887,YRFIFRTVSVVPC,13,0
1888,YRDIINRLPTYAYSECFFFH,20,1
1889,YRDIFMYGMCLQYIWCTVFF,20,1
1890,YRAFRKRGMVVCDPWMVSSR,20,0
1891,YRVMICYNLMSLNCLMLLIY,20,0
1892,YRSVRQTFYMWEHSA,15,0
1893,YLRLSLCISIEFKH,14,1
1894,YLQYNYSSLDSRYFISRNSV,20,1
1895,YLGSGP,6,0
1896,YLWILLHANCIWSNFGPLV,19,1
1897,YLKYDVIFS,9,0
1898,YLLLGRMLFFVQLHMAKHVK,20,1
1899,YLEWISVCPCFPMAMDADCL,20,1
1900,YLSSTYRLIFMDQTKVYLR,19,1
1901,YDMMCIWVL,9,0
1902,YDMFCFKTYYVCADFWHLTI,20,0
1903,YDIGRSVLGRTCTCTLSKFT,20,0
1904,YDLGNNIICIDAKRKSR,17,1
1905,YDSFFLQRMVSLMNSYACRH,20,1
1906,YAKLFTGSELGEMLVIWVPS,20,0
1907,YAHHVFAVGQYAWSDHFVIG,20,0
1908,YAVLASVWNCYCCDRMKWVL,20,1
1909,YALKGKGQFFEFPVTPTRNF,20,1
1910,YGLTSLIVMFYCSWSVDSIR,20,1
1911,YGLQPMVDNCNWVWHQEEAS,20,0
1912,YGTQYANLVVILSFLEL,17,1
1913,YGYPVFTSNAIFLCMYSFWM,20,1
1914,YGYLTMYFMKLSSETSRLYN,20,1
1915,YVNVRAFDSRQVR,13,1
1916,YVRAVVYMYYPVIFFSAIY,19,1
1917,YVIGCSDMFLLKNGSFGISC,20,1
1918,YVVCCVSL,8,1
1919,YVFRNYAYILGCSVANMLIK,20,1
1920,YVFPLSIRSFNVYYPYIQYN,20,1
1921,YVFANPKSGCEMLYYQSYKG,20,1
1922,YVFFYYLYGFDVI,13,0
1923,YVNFMNHSLEILIQSYYACR,20,0
1924,YVMLGMRGLKRNGFKECAER,20,1
1925,YVI,3,0
1926,YVISLNINTSLKFSMDYLFD,20,1
1927,YVQREMWYVNNNGWNVIYRR,20,1
1928,YVHLVICMW,9,1
1929,YVLSTVYVAVRKEGSLDNFR,20,1
1930,YVAVPSRINFLLL,13,1
1931,YVVLIWICFLRTFTSLE,17,0
1932,YVWIMRDSKMKCKLRFPRAY,20,1
1933,YVCFNLNAFYYCQSLWKVI,19,1
1934,YYRYFCLFIWNIAPSYFVQI,20,1
1935,YYRFCTWFDNSWLSCDFMEL,20,1
1936,YYLSVVLILGPLCAHSTNMG,20,1
1937,YYLFSFEVTLKKNNRLGLK,19,1
1938,YYDGKICIFVCNNRITGFRV,20,1
1939,YYVRCTFMVSIVLQRYKKCD,20,1
1940,YYVLNEVGYVLISCVCRYY,19,1
1941,YYVLI,5,0
1942,YY,2,1
1943,YY,2,0
1944,YYYRFKNIPSF,11,1
1945,YYFTVCCWKGMDQDLSASNY,20,1
1946,YYFIQLDNYFPYMQTYLCPY,20,1
1947,YYFFQYLSVTVNITTFCKAH,20,1
1948,YSLLILYYPQAMGVINLKNW,20,1
1949,YSDWNYFEYYDDSVYCSLLV,20,0
1950,YSDCMYCVKGWV,12,1
1951,YSWVTVSSNANMGMYIYCWW,20,1
1952,YSCVSGWDASFRCDTSVFKL,20,1
1953,YSNGNPQPYSYSNSDFVQII,20,1
1954,YSISLISIARRCPRFW,16,1
1955,YSISSNFFMDCVSYRYYGT,19,1
1956,YSGVCVTRYSEWLVINCIVM,20,1
1957,YSSRHYLIANNEFNLRWNIT,20,1
1958,YSCIIFWMIFVVC,13,1
1959,YWMAFTPMNIIFPHTSSQYM,20,1
1960,YWMFMFKCGGRNYY,14,1
1961,YWILTQYAIMGFYSFSYSTR,20,1
1962,YWILTLNQS,9,1
1963,YWAYKFVFADICCPCFL,17,1
1964,YWVSHLRGIYYCGISSSSNI,20,0
1965,YWYNISS,7,0
1966,YWLNGCFSYTYNKN,14,1
1967,YCKSIWMLTSIGHHY,15,0
1968,YCNILFGRCCGNYNARRNFM,20,1
1969,YCRDVMFINDGNQQCRFKSS,20,0
1970,YCLRVDCYLELYRRNDSMYQ,20,1
1971,YCDRRFK,7,1
1972,YCGSELYWEMNCRFGLCNLC,20,1
1973,YCVLDMVKINTRM,13,0
1974,YC,2,0
1975,YC,2,0
1976,YCWVMFRFKFVPS,13,0
1977,YCWCNRS,7,1
1978,YCFYLMDSIIIIMA,14,1
1979,YLILGSTLLGMTWNHRCSDA,20,1
1980,YLRWVA,6,0
1981,YLLCFSFDWFNVTMYFASWD,20,1
1982,YLASFKNLWLYEYILGFSMQ,20,0
1983,YLGTNKVIWNSLNI,14,1
1984,YLGSCTYVWSGWKEGI,16,1
1985,YLGFFSIVIGSNGCVALFS,19,1
1986,YLVLFYRSITSSIYTSGSFA,20,1
1987,YLVRNVSNDRRTDIWTWMFR,20,1
1988,YLYSYCYVLQGERVVC,16,1
1989,YLYRGFKMYLCEIS,14,1
1990,YLSLHMLKTSFRMMEFNYLW,20,0
1991,YLCTDSYMSINLWTLSTRAT,20,0
1992,YLFICYGRDSVNYFSIGMRL,20,0
1993,YFNIEFRNMVWMDLRPHFSS,20,1
1994,YFNLLFTFPYLVGKRASTIR,20,1
1995,YFTCVSFVVIYFRF,14,0
1996,YFRK,4,0
1997,YFSCVMTISYWGRNLSRSSG,20,1
1998,YFMNISRFSQLERSKWSYED,20,1
1999,YFMCNQNTCLSFSYVKEHTN,20,0
2000,YFRLMITDLKDFGSK,15,1
2001,YFLI,4,0
2002,YFGVVRFNIFCGCKCKG,17,1
2003,YFVNRLEIQFLEIKYIFTLK,20,1
2004,YFVYRWSFFYYCKSLLTPSA,20,0
2005,YFYSFDQKFIINVLFLIPIV,20,1
2006,YFYRTLIVRTAYSFPTDYLH,20,0
2007,YFYRAFITLMYGKVCNVFFC,20,1
2008,YFYLSLSSFDLTINKSILNV,20,1
2009,YFCYCMNVSNWPKLLDCGFI,20,1
2010,YFLYWQLNSSFVMFSTLHPE,20,1
2011,YFLLYFDRIDRLMPLRDYS,19,1
2012,YFFIFSDLMKQSQVYIE,17,1
2013,SKVFYSGSTFLLCCTAGCWR,20,1
2014,SNLRFSHSMYICTVIT,16,1
2015,SNYLETYNNLYNKFVSISYH,20,1
2016,SNFSICISNSITYGLAGFDI,20,1
2017,STMIAWNNVFTVDKLNCELY,20,1
2018,STGGNIVRYYVLNTM,15,1
2019,SRYDGRSCFFGTLKSFCSIE,20,0
2020,SRLSWYSMSPLHSINMGFRD,20,0
2021,SSIFLSMKPNSIDAISMIGR,20,1
2022,SSANCLVYVCFNWLWFKFYR,20,1
2023,SMNIPCNSNSYKSLMFFLQL,20,1
2024,SMSIFLAFLPMFLTAS,16,0
2025,SINSIYFSLIKSYVLSCRY,19,0
2026,SIITYLGNCIKYVMYLGNYQ,20,1
2027,SIGTCIVLYGAVVTLFI,17,1
2028,SIWNCLSICMTCGVTWINIS,20,1
2029,SICVRGQLQNWDARFYSRLL,20,1
2030,SIFLDLLFS,9,1
2031,SQNISTIFNSPLLFMVSITT,20,1
2032,SHLGCYQVVSSDMKWNMRFI,20,1
2033,SHFNVLNIRISTNYTVARMG,20,1
2034,SPRYRVRLAYARTTDWLFGQ,20,0
2035,SLKFLYFIDGACNLELNR,18,1
2036,SLTYMYGDLNVNCFRTLDLW,20,1
2037,SLVMSQCLYNN,11,1
2038,SEKGFVEFLGLLRNTCPCLS,20,1
2039,SEISVVGLLMKWEEQRSLTR,20,1
2040,SDELTIIVYNFVHINLLYKH,20,1
2041,SDYWLFCMFTCICSGQHRVS,20,0
2042,SDCVVISNGMFMLKGWMS,18,1
2043,SALW,4,1
2044,SVHWIELYLYWLHR,14,1
2045,SVNLCYLLVEYDFVVWYCI,19,0
2046,SVIMSILCLAMCSRVPGW,18,1
2047,SVLNNSFYLDSNQSTAMCGL,20,0
2048,SVYKLSASTTLMLYSSSYAG,20,1
2049,SYARGCNRKKDWE,13,1
2050,SYCCTLLYSTFAGSMNIMEC,20,1
2051,SSVRRTLMRYQR,12,0
2052,SSNT,4,0
2053,SSVAKYNDTMANGMYKA,17,0
2054,SSLSWYSQRYVTFSCLCS,18,1
2055,SWTFKLR,7,1
2056,SWMYNVITVSFIANISDHSS,20,1
2057,SWCTGHIVRPMIIIVTVTPR,20,1
2058,SCRTNSSRRNFA,12,1
2059,SCMFRDRLQ,9,0
2060,SCLIVFYSTSSYKFRCKDVL,20,0
2061,SCLFEMKL,8,1
2062,SCCYYGARITFYNPLSERGE,20,1
2063,SLSFYYIKE,9,1
2064,SLCTEVWNSTFFIICVFESR,20,1
2065,SLCIAIVAFSMFMDFL,16,1
2066,SLCLRTSADRI,11,0
2067,SFIQFFVCSLVVSSSNIHYT,20,1
2068,SFLNQSYTFSLDNSNVFTYF,20,1
2069,SFYC,4,0
2070,SKTSPIGISYSVKISMNISK,20,1
2071,SNTRYLSTLSTCFVERY,17,1
2072,SNIGLYSQMVWFLIIYNRFA,20,1
2073,SNIVMLCLW,9,1
2074,SNYNILILTGFNNSLVMYFT,20,1
2075,SNYCYQISWLSFS,13,1
2076,STFLKGYMNISLRNHIRSYV,20,0
2077,SRNDIWFLLNIWFRHWGAPT,20,0
2078,SRYSSSRSYTFDFGV,15,0
2079,SSAFYCLLLIVFMIWAIRTS,20,1
2080,SMN,3,0
2081,SMTVIFIMRYGWSNSNFHQS,20,1
2082,SMYYRSIFCCYVKYIG,16,1
2083,SINHLVYMSISRVRHTVKRV,20,0
2084,SISFCYWNAYFTFVCCLINR,20,1
2085,SILDPYSDTYAFF,13,0
2086,SILQLVWCICEPMVKEISWL,20,0
2087,SIL,3,0
2088,SIDYYNDMTDIDISFIFSNL,20,1
2089,SIAGCVNCNSVGNINEAKGC,20,0
2090,SILMCLCTYNF,11,1
2091,SIFMVCVSSTLIGEVFRVGK,20,1
2092,SHETPFCNNLIKFFKCELWI,20,0
2093,SPRMYFYLEFNQAGNVIAS,19,1
2094,SRILVMSIERKSLVTLENNS,20,1
2095,SRYSFCDRFCVHFNLDQFSR,20,1
2096,SLNLTVGSQFEVKCFGSSYV,20,1
2097,SLRICISNFLNESQSLDSTI,20,1
2098,SLSVVVCSFAMFFISAE,17,1
2099,SERSVLKLSCNWAMDILILG,20,0
2100,SEMYVCKWMLSFAFKAD,17,1
2101,SEVLYSYKVQYIIRQDLLM,19,0
2102,SDNILLYVVFHFWL,14,1
2103,SDDTVMWNFAYNFTCLHPYT,20,0
2104,SDVVAIMEGNLSLGISIYCC,20,1
2105,SATVLCFVSIMRFPKCMRGD,20,1
2106,SACFSCWSSKVLVNLDMDRQ,20,1
2107,SGVFLCVKADYC,12,1
2108,SVRIKFRYTKLNVDS,15,1
2109,SVALSAILLL,10,1
2110,SVGCSCTGSFAGYCISYIVL,20,1
2111,SVIYCATWDNGCINCK,16,1
2112,SVLNIGVIKFRSRLMSYLDS,20,1
2113,S,1,0
2114,SYNYVCTCSSYKWNRHKFGM,20,0
2115,SYTRIFCVVNVDSTILCDVI,20,1
2116,SYMRVACTPILWGSEISNYY,20,1
2117,SYMWGQVKYFIYRV,14,0
2118,SYRFLSKYLGASVHLVAIYY,20,1
2119,SYGTHRSIRCFVYLHTFCNG,20,0
2120,SYSQW,5,0
2121,SYFC,4,1
2122,SSLNTANRCLIMFLRDNLFM,20,1
2123,SSGALVAWFSETSGLIRRDK,20,1
2124,SSWTKIE,7,0
2125,SSSLCLSIHSTMAVSINVYV,20,1
2126,SSRTPVFLGLSTNGWLSSYY,20,0
2127,SSY,3,0
2128,SSCVTLRFVVEETYHN,16,1
2129,SSFVKWRGFVMSWFSSSPYS,20,1
2130,SCQLYDFTCFRSVSTLNRHE,20,1
2131,SCP,3,0
2132,SCFISTNQVCLFEFNVSSSI,20,1
2133,SLLCTCGRFKYIHSYFVGYV,20,0
2134,SFNRTNIFMYFNVMMSNIIF,20,1
2135,SFIGSGIYFSEIVMLSRRFV,20,0
2136,SFQGIFNC,8,1
2137,SFQSMKWICFAQNFITSMPF,20,1
2138,SFQCMCGLNPVSVQQNCIF,19,1
2139,SFHHQEDRNFVFTNNIFFVK,20,1
2140,SFRWIL,6,1
2141,SFLKLWINVIYSNNLVCSFK,20,0
2142,SFYICWCYFGITSKSRACSW,20,1
2143,SFSLGTYNYEITSNYKIFYV,20,1
2144,SFSDKNMVRCGYLKGKNSLV,20,0
2145,SFFPKNFIVSSQVQISFYRL,20,1
2146,SFFFTINSKTGSVLSPVCLD,20,1
2147,WNSENSSVRMCLVTTSLSCD,20,0
2148,WNISMVCYLRPFIKYYAGCN,20,1
2149,WNLFFLYDFHHNSSRNKSRQ,20,1
2150,WNGHIVFGLVRNPGNFRIM,19,0
2151,WNVLFYISVMCFGFFFMVRD,20,1
2152,WNYCFCLYYDSQNRINW,17,1
2153,WRG,3,0
2154,WRFTNIVCSLQGMFHVFGES,20,1
2155,WSIPTVYKIFL,11,1
2156,WMKRSLNVDIYKWSG,15,1
2157,WMLTDFITVTTFSTNVATFM,20,0
2158,WMLGGYKIEIGVNYIRYYLS,20,1
2159,WIMCYLFKPCYYMVYNSRIK,20,1
2160,WIILILKAKSYMEGNRLVCF,20,0
2161,WIC,3,1
2162,WILCLSTCFFRWIGSYSYAY,20,0
2163,WIFSGCDGARIVRFSVLVRA,20,1
2164,WHNNCPPCSSFDGWSFTWVR,20,1
2165,WRILCLIPLTGCSFCPRIYF,20,1
2166,WRYALSLSG,9,0
2167,WLNWGYKPAWFSNMTCTDL,19,0
2168,WLVNLNRDYFISFCDVGLGK,20,1
2169,WLSCTI,6,0
2170,WDSMWCWR,8,0
2171,WAKLVSGTFYDFPRQDAIGA,20,0
2172,WAWYRHKDSIPPAAQRS,17,1
2173,WGYIIVSTRFSYLDYGFYAT,20,1
2174,WVMTGVWHGGSESRSERRGW,20,1
2175,WVMMCSYCNLDILRTSSRVL,20,1
2176,WVRSGDYNYKTWGYLGGWSD,20,0
2177,WVDKNVSMSNNRCCISCFVC,20,1
2178,WVASGNIY,8,0
2179,WVGCTLFCS,9,1
2180,W,1,0
2181,WYNSEYSSKVIMNTWYRFEL,20,0
2182,WSDISGIYAFCSGYSIKVAL,20,0
2183,WWMAIMIASIYVT,13,1
2184,WWYK,4,1
2185,WWLRNCTILPWRFCTDSTRE,20,1
2186,WWLLPIA,7,1
2187,WCNVRLDSSIWAYNWRGLRR,20,1
2188,WCSSNCVIVISKSYIKNKLI,20,1
2189,WLNGSCIIYMYSYSVVMDLR,20,1
2190,WLQ,3,0
2191,WLPTQKKIKRSDVLL,15,1
2192,WLRFPRMRYMQSFNLDL,17,0
2193,WLGSRCQYVMNSTLVLKVGL,20,0
2194,WLGNKGLIKLLICMPE,16,1
2195,WLSPRMEGIRIGCDD,15,1
2196,WLLTLDDIWTL,11,0
2197,WFDFNVTTVSSQNDWRRLWM,20,0
2198,WFLYQSLRTGIIPSLASSHV,20,0
2199,CKNTIVLQSSVYGQHRQCEL,20,1
2200,CKVCHRHILAMFFSDYM,17,1
2201,CNKAIVCIVCKCNRGNCWIL,20,1
2202,CNNGNHSIHLERLSRSDAWE,20,0
2203,CNTFVVYSCSMCEFSCGFGL,20,1
2204,CNMKVMFLLSCGNNGRAENI,20,1
2205,CNLRTLCFIYDRGNCIIYGH,20,1
2206,CNLFEGFLQSKCIFSLIMYN,20,1
2207,CNVIWGYIYTLLDGWFVIAY,20,0
2208,CNSRSMDVRLSRCWFYLAN,19,1
2209,CNCNLGNRFY,10,1
2210,CNC,3,0
2211,CNLIWHVTVKFNYSNRYDYD,20,1
2212,CNFMFISSNIWCGMIFENGV,20,1
2213,CTALCFNLFYSDRSGAYIWH,20,1
2214,CTAVGVIQCISRRKGCG,17,0
2215,CTVYVYTKRANENFFYVYPG,20,1
2216,CTCL,4,1
2217,CTTALVLTCCSSNPNTSTMH,20,1
2218,CTDAVGYYANCINVMYGLFS,20,1
2219,CTCCNNFSWFHWCFRCFFNV,20,1
2220,CRSKMVCWPRGEYIRKWEK,19,0
2221,CRFMSYCVVNSWNDQVGA,18,1
2222,CRFIFMANSLYIGCCVIDAR,20,1
2223,CSKESACGRCSCPNVPPTLL,20,0
2224,CSTFKGNIVLILSC,14,1
2225,CSSVMFPVIYSYIW,14,0
2226,CSLDCNGRWLYDVVSVRCAP,20,0
2227,CSGTVVACLYGSVSEYRPVG,20,1
2228,CSVTRQVHECAFMCQWYWKA,20,1
2229,CSYRIQLLVSIHVLTITEHQ,20,1
2230,CSCLRDTFLFSYTLKYKSFG,20,0
2231,CSCLFSMACANFFRGTVICC,20,0
2232,CSFAYSFFWEGFVVRF,16,0
2233,CMNMYNFNRWFLGSIFVDEV,20,0
2234,CMQVIKTFVVLGCLKNLINL,20,1
2235,CMSDLWDMIC,10,1
2236,CMFNNWSHSIWICCYRNSSY,20,1
2237,CIIENVYTFVVVHLCGFSTY,20,1
2238,CIPCNEYMISVFEVSFDILL,20,0
2239,CIEMCNLISYETIQLVFSSI,20,1
2240,CIGGPSVDSRTTYVQVGWVR,20,0
2241,CIGIYDVFGTD,11,0
2242,CIVLYQVSIGLTFQYLMCPL,20,1
2243,CIYVRQRKWLRREGATPKAG,20,0
2244,CIWVRSEGL,9,0
2245,CICSYFYSIFCYFDYWIWKN,20,0
2246,CICFMP,6,0
2247,CIFVSF,6,1
2248,CQIYEVSGNNPDRTGCPIRK,20,1
2249,CQPIFAFFFVVNHWLRIVDT,20,1
2250,CHPILASQSWIFLIASGQ,18,1
2251,CPLQTCVNCYVIFSSSHQNW,20,1
2252,CPRSQLKTQLFRPPTRGHRH,20,1
2253,CRRKVSSVMWLYSIFDSSYF,20,0
2254,CRYPIINKVFDIYYYFLFTM,20,0
2255,CRSTTTFTMSAYLWQLYGLP,20,1
2256,CL,2,0
2257,CLL,3,0
2258,CLAHISWYKGNMYKP,15,1
2259,CLSCNLEFRVQTVVLLSFVC,20,1
2260,CEICFCINARVEIFSRFIGR,20,1
2261,CEYVNYMVLYASCICMESDY,20,1
2262,CDM,3,0
2263,CDHF,4,0
2264,CDVMIQFYGCNYVYGMVHLS,20,1
2265,CAISNEYIVILGTFSFKAVF,20,1
2266,CAILVLVTYSNSYETDVCSR,20,0
2267,CAYSLKIFNIM,11,1
2268,CVSITVLVILMISFVEKRGS,20,1
2269,CVLFNFLVLNGLLLSEITGS,20,1
2270,CVVLLNAWTTSAYCSN,16,1
2271,CVYMLMLCDR,10,1
2272,CVYLSPRSPCGYVSMGF,17,0
2273,CVRWPVFIFEF,11,1
2274,CVSTRV,6,0
2275,CVPSMINYYAGNFNLSFAYT,20,1
2276,CVGLFKGSFSCKMSYH,16,1
2277,CVYNAVCDELTVICNWS,17,1
2278,CVYGYVGKNPHWC,13,1
2279,CVC,3,0
2280,C,1,0
2281,CYTTLIYVGFPIDRTLLVSH,20,1
2282,CYTAVELVYCVLAV,14,1
2283,CYTSPTFHKRSVFNYYS,17,1
2284,CYMSVGLVNLFSDLCTDNSF,20,1
2285,CYPNIYGEETFNIVVAIKRH,20,1
2286,CYPNTGTFNIDYFSFRN,17,1
2287,CYVISNVHIFGQP,13,1
2288,CYVAEFIWQSPSWQDSMKFV,20,0
2289,CYYFWPKVIVSNGTFMP,17,1
2290,CYSINCTLYYMNWVTGG,17,1
2291,CYSAPFMPNFILDCDYVYRD,20,1
2292,CYSLVCFLIQVVSYK,15,1
2293,CSNNRFFFNV,10,1
2294,CSTKARVIFFARIKYTRYSL,20,1
2295,CSTTAYLYVLRKSSQYVPLQ,20,1
2296,CSRINAFKCGNSVCHITMHE,20,1
2297,CSIYALLLDKGVINILSVML,20,0
2298,CSKKNFERFVITIYNVFNL,19,1
2299,CSVPSVFMTWYFVVCGYQYN,20,1
2300,CS,2,0
2301,CSFTKKFLLQISVYNRDSDL,20,1
2302,CWNHDENINDRWFGLYYISL,20,0
2303,CWSGRRTIVGVGNDGYVIFW,20,1
2304,CWLSCMCNCDSRRSRSELKW,20,1
2305,CWGISHSNKAQDYTYFRSGK,20,0
2306,CWGICLSMNVYVWCRSTSSV,20,0
2307,CCNGYCCYDLFFIVMDTWGR,20,1
2308,CCRLSIGYVEDLILFG,16,1
2309,CCSVCRLEYSVIGNISENLI,20,0
2310,CCQCRYMFWSVNST,14,1
2311,CCPYYCFSTNEGDWSDMFAQ,20,1
2312,CCAFVSNFGISIGMYIMQGR,20,1
2313,CCYFQLTVLNAASPLN,16,1
2314,CCWFLNSYG,9,1
2315,CCCFSSYYVS,10,1
2316,CLNKEVIVSI,10,0
2317,CLHQMTKWLCGSFICRN,17,1
2318,CLYFGFYNLRATTNNNSMLT,20,1
2319,CLCLFGVLNTCQFV,14,1
2320,CLFSNYIFDM,10,1
2321,CFKRFKASFCWFFLHGVYRF,20,1
2322,CFK,3,0
2323,CFKFVTVQR,9,1
2324,CFNLVDTAYGCNCKGAS,17,0
2325,CFSCYFRKYAAE,12,1
2326,CFMLCGNVACRWF,13,1
2327,CFIRFNITSDFYTFHRSCMR,20,1
2328,CFQLNGVVQRLFVNCMWLRG,20,1
2329,CFVLIMFR,8,0
2330,CFYLVIVGNCRVW,13,0
2331,CFYSLQCESIVYITFLMAYV,20,0
2332,CFYLSLPMVCTYFSY,15,1
2333,CFYFSV,6,0
2334,CFSYSSEACSMFIIQDFVSM,20,0
2335,CFCVNVCAKKRVINYCSSST,20,1
2336,CFLDFRTRTLLQ,12,0
2337,CFLVVCCT,8,0
2338,LKMNLIIRYVVFFLHSIT,18,0
2339,LKRFYILGKFSPRLSIFSFS,20,1
2340,LKVEYNYTMFSVWVCCSWAN,20,1
2341,LNKNVVNSAVYRNYTFFPLN,20,1
2342,LNTMTGRFIFDMRTSWTNGV,20,1
2343,LNTLFSRSIITYSMISSYSI,20,1
2344,LNISQVTCTMSQSFLASMGK,20,0
2345,LNIFGVNMLLTNGYLICRNV,20,1
2346,LN,2,0
2347,LTHAFFEFMNMMHVYVFSNK,20,1
2348,LTATPVFISYNVTADLVWVG,20,1
2349,LTVRYITLFSVPFTSEVSY,19,0
2350,LTRLLPNRISMVN,13,0
2351,LTPVWFYHIVMQIF,14,1
2352,LTALADNLYRTFNHHLLTQM,20,0
2353,LTCSCFFCYFLLITRDTY,18,1
2354,LRAPSRQPGSSVGSTRSEVK,20,0
2355,LRWLCVHVLSLASLQEIQEN,20,1
2356,LSANLAHTGFLAIIRSNSNF,20,1
2357,LSYSCTFRISEDILCEVVCW,20,0
2358,LSCASIVTPYWCFFIKAV,18,1
2359,LSL,3,1
2360,LMSCPNHVFLII,12,1
2361,LIKKVYFMVYFLAVFFSTSR,20,0
2362,LIKFVFMCNSSFLSGNIYDV,20,1
2363,LIRSIGQNQGTTIP,14,0
2364,LIMNCVMYVCVWTSQL,16,1
2365,LIICNLCISSINYYCYSIYS,20,1
2366,LIHSTEFLCRQKTALFRYPQ,20,1
2367,LHICVNLFASTLCICMRKFM,20,1
2368,LPLLELIIRY,10,1
2369,LPVIGLTLSSNGMDSALCRL,20,1
2370,LRRMVMNRYWLWPGHWSKTV,20,0
2371,LRDIASWNEVVPVIDGLNME,20,0
2372,LRDFIFSRTFTVDFSRSELY,20,0
2373,LRYTWY,6,0
2374,LRTTFGPTVRLFYPTHKEV,19,1
2375,LRVNLFSRNAMDSQDLWFCR,20,1
2376,LLPCLIIDISTCWLEYDHLC,20,1
2377,LLGLMLMIYNCVYDCQYQGM,20,1
2378,LLVSASPKCCS,11,1
2379,LLWGFHAGQFDNYATV,16,0
2380,LLICMQNWMYDNYWIVPWR,19,1
2381,LLCQVFTGSFLILESNSIFL,20,1
2382,LEIQSNKSDSFIS,13,1
2383,LE,2,1
2384,LDSCTIEMVSCLVCMAFARK,20,1
2385,LDSLFNYFFCLNIRVYVVLC,20,1
2386,LDYQLCLFGFVMGKN,15,1
2387,LDYGWHLTGMHGSITCCDIF,20,1
2388,LDLIQYLILYEGKKINVFIL,20,1
2389,LALDVNWGILF,11,1
2390,LAKMSTSEYYKIVCITSGYV,20,0
2391,LADKNRNIPNRCYFRSRVIV,20,0
2392,LAFGVVLNDFSNYHASNIAG,20,0
2393,LGSFANHYAM,10,0
2394,LGVVIFLSSFSL,12,1
2395,LGVPDQNFIILIGMMYSNWA,20,1
2396,LGCHRLTAIVIDYFREKTGY,20,1
2397,LGFLVMLNSP,10,0
2398,LVILYL,6,1
2399,LVSQVIVYI,9,1
2400,LVF,3,1
2401,LVFYRCMIPIFGMVVS,16,1
2402,LVKLSIPG,8,0
2403,LVSSNFMCFIIIASRDLRDI,20,1
2404,LVVGSVCNCWLCMRIICVL,19,1
2405,L,1,0
2406,LYTSTQNGVTRFVFSSVMCV,20,0
2407,LYIRPYMNYRNNEVLRNIFR,20,0
2408,LYILLGYMQIFGSGIHKSKK,20,0
2409,LYLFTFIDMIACPCHGVINL,20,1
2410,LYALLVFCTY,10,1
2411,LYWTNYVNAGIYNIYFNFSW,20,1
2412,LYCFRTALTCISPVFSIVSF,20,1
2413,LYFYYLYCSFM,11,1
2414,LSTFSGTLVSSRTVWKVTFA,20,1
2415,LSLGFKYWNHIR,12,1
2416,LSLQAPYNVVIMTTHLHNRG,20,1
2417,LSISEG,6,0
2418,LSIWESSGPRDYP,13,0
2419,LSLKTKIFVSFVP,13,0
2420,LSVSHSIIVYRPLWVASEYV,20,1
2421,LSSMFNSGFSITYCTQSCLM,20,1
2422,LCSFNNWCICACPRINHMMR,20,1
2423,LWTVMAVGLFNCGKSSELWV,20,0
2424,LWLFNLRNG,9,1
2425,LWVLMNL,7,1
2426,LWSAYQISDNQRFNIFHYTC,20,1
2427,LWWINWCE,8,0
2428,LCSWNLFCDDPSIRLMGTN,19,1
2429,LCMIWIGCGHVGVCRTGSLL,20,1
2430,LCPFY,5,0
2431,LCVTFSGICVFGYMM,15,1
2432,LCWTRLIDMSLHFCMIMDSG,20,0
2433,LCCVVGMQGS,10,1
2434,LCLLYVPRDLYK,12,1
2435,LCFYLSTSVFVICLSSICYF,20,1
2436,LCFCILVGMYVVLLCPFILC,20,1
2437,LLKTVFPQIMDNGLFDRMKL,20,0
2438,LLMVRCSSVC,10,0
2439,LL,2,0
2440,LLSTMSLVTLFLCCES,16,1
2441,LLC,3,0
2442,LLFLLIFWLILLMDRFRTCS,20,1
2443,LLFFHII,7,0
2444,LFSVTMLMHIRNTVRLSKDW,20,1
2445,LFSYISWY,8,0
2446,LFMQSLSTFSLRIEVQGQFS,20,0
2447,LFMFNRISHYNNNFITIGVK,20,1
2448,LFPDNWRYIGWYDYSSRT,18,0
2449,LFRFDTLFNVLLNNVFFG,18,0
2450,LFEGTSVYGFCLSCSQRCRW,20,1
2451,LFDEYSVCFNFMILVKLNSC,20,0
2452,LFGRLYYCPPFN,12,0
2453,LFSVFVRVT,9,0
2454,LFLGVSNACHSWCFVLNSLR,20,1
2455,LFLCAFMSLCSFKSEFAEL,19,1
2456,LFFSNLRSYCCSNLSYLKNY,20,0
2457,FKRM,4,0
2458,FKACVQCIIEH,11,1
2459,FKAFSLSYSHLNMSVSFLLI,20,1
2460,FKY,3,0
2461,FKYSGNRS,8,1
2462,FKYSFNMVNNTYSVSHQDLA,20,1
2463,FKLHVELMGGCI,12,1
2464,FNKSMDVNGFICMIVMAHWH,20,0
2465,FNTL,4,0
2466,FNTFLILLCPPGVMTINVLR,20,1
2467,FNRTVMSYKLSCLLHSWLNC,20,1
2468,FNIPKRSSGIYYGN,14,0
2469,FNIGNVIRYNSINWICQTVL,20,1
2470,FNICVVFPYGYWMS,14,1
2471,FNQFVFSCSSSSSCNRSREY,20,1
2472,FNHPIVYSFNYRVVSIARRL,20,1
2473,FNLMTIKGWNN,11,1
2474,FNLFLCRVFN,10,1
2475,FNEYPYQIWYTLWMLTRRFV,20,0
2476,FNDALPCMQIVLVDRMG,17,0
2477,FNVRSTFIGFYTMYDAYVVS,20,0
2478,FNVDFAMVCRNTRVKSTWP,19,1
2479,FNSYFVSGLLILI,13,1
2480,FNSCRFKMTGWVDGYRDHMY,20,1
2481,FNLRVNIATITTYCFL,16,1
2482,FNFNCMYRDFTYGFIVESFW,20,0
2483,FNFMKYGILINSRLIFCVIH,20,1
2484,FNFVLIH,7,1
2485,FNFSCNMFYRINPALDNGYV,20,1
2486,FTRPSKQGVLRKIGVWNEA,19,0
2487,FTLRVGYIPYHCLDALCRAL,20,0
2488,FTLFKTFTSYHR,12,0
2489,FTSSFIFT,8,0
2490,FTTVQSMTTRVTCWGVYYES,20,0
2491,FTSGDYRTQVPILECLFKVN,20,0
2492,FTDFTEGTLATIYSDLSCYF,20,1
2493,FTWNVMQAVRFKCKGLYFPN,20,1
2494,FRNTVSYTFCIRGYDYITFE,20,1
2495,FRIYNYLYDLSTGTSFCSQN,20,1
2496,FSKLPVFINWWDFMSTYI,18,0
2497,FSN,3,0
2498,FSSIDRIGCNLRSHCSTADR,20,1
2499,FSSYVTSSSNLWFLGPLSRW,20,1
2500,FSMEFRILSVISNIYITGDL,20,1
2501,FSAICWIYTRVD,12,0
2502,FSVFIYFSPV,10,1
2503,FS,2,0
2504,FSYGCMLVSCQKGNEFGKRS,20,0
2505,FSYSRWFLN,9,0
2506,FSCVVCNLIYTALHNLEVRA,20,1
2507,FSLNGNYNRGRLRSTMGRRL,20,0
2508,FSFTSCTWNSQLNESVKKYF,20,1
2509,FSFYYNKN,8,1
2510,FSFCAYVSISRCSCYFFGHL,20,1
2511,FMTVSTGFPSMYKVYNTTSS,20,0
2512,FMSSKCFRWML,11,1
2513,FMSHSK,6,0
2514,FMHCSFNATR,10,1
2515,FML,3,0
2516,FMVTANIDTYVISPRDMKGV,20,1
2517,FMVELVLNRSGCM,13,1
2518,FMSNMSICFYRVDLLDS,17,0
2519,FMSLGYLGFLVGRTLWFCSV,20,0
2520,FMFFCLSLLLILYGTSWKYA,20,0
2521,FITYCVIYYDLSECLIVING,20,1
2522,FIRIIGMLFS,10,0
2523,FISRSSLFHTINCCNDKLD,19,1
2524,FISLISCPGCVCPRGVIAEV,20,1
2525,FIITHSSSVITMNSRTD,17,1
2526,FIITRRFCLTGYSSTTFN,18,0
2527,FILNNPIDKGT,11,0
2528,FILTISRVMSYVMDERFEIF,20,1
2529,FILMFVIV,8,1
2530,FILVYNFIYIS,11,1
2531,FILCFVIF,8,1
2532,FIGTSTCKMIAVCYKCSFAI,20,1
2533,FIGSMSRTN,9,1
2534,FIVKCNRNKYHYHFCLYASG,20,1
2535,FI,2,0
2536,FIYNIVVNNLYIVYSL,16,1
2537,FISQIHPVCNQCYMFNHACV,20,1
2538,FIWLTGAYVRFSSCYFCGLI,20,1
2539,FICIKFFRFFG,11,1
2540,FICLVFFNIVLRV,13,0
2541,FICCLPFFYR,10,1
2542,FQVIESMVS,9,1
2543,FQVPYLSHLLFIGAFSK,17,0
2544,FQFRSTSVLAWMY,13,0
2545,FHGLKRVTSNSTSELVYWGY,20,1
2546,FHVVCMACDSIMVMDGF,17,1
2547,FHYHGECFIFYITSL,15,1
2548,FPVSF,5,0
2549,FPCNIFMFRSSDVYVYLWLD,20,1
2550,FRQLFGCYMVDSRYSLRRG,19,1
2551,FRTCCNYGLNMF,12,1
2552,FLNLVLWSAY,10,1
2553,FLRATLIMDYQCRVNDMSVV,20,1
2554,FLIFRDYCPLHRSDIYGWFD,20,1
2555,FLNSSYGNQLSSMYCVYELC,20,1
2556,FLTSGNNLLVIYNSCSISS,19,1
2557,FLRYIWYCSYRFFPKWIMLK,20,0
2558,FLIYYVIFPSDLYRG,15,1
2559,FLISVMGVKKKALKSNNWCM,20,0
2560,FLGCKFEMVGVNHLFAMQWM,20,1
2561,FLVAFCMLFDW,11,1
2562,FLCIGLS,7,0
2563,FLLLWSGTYC,10,1
2564,FLLFDSRGQYLRSLDA,16,1
2565,FLFFVLVHLVRLNYVCFDVQ,20,0
2566,FEQASNIIVIFAFNRNIILS,20,1
2567,FEVRTFTRKLFFPTRPQLIV,20,1
2568,FDK,3,0
2569,FDRRNHEVSYAVFYNWFCLW,20,1
2570,FDRNLLLPCYSCFINVFYNF,20,1
2571,FDILCMWQTRSMTSFYTNKE,20,1
2572,FARKDNTLDKCRSLVWTAPK,20,0
2573,FARIVVRFLCTRKIGFFASS,20,1
2574,FAGQYCVLDVNLKVK,15,0
2575,FACFYLPLVFVWKPVILPLA,20,1
2576,FAHIYL,6,1
2577,FALFSICISNVEVGSNMTYL,20,1
2578,FAFYGGWFMYSLITGAIKDV,20,0
2579,FGKSG,5,1
2580,FGTYDMFFVTIDERLRWS,18,0
2581,FGSLRFKSNFFRQVIMSFKA,20,0
2582,FGMFSACIDLDERIAIHLNM,20,1
2583,FGISNRFWGFIFSDVFRQRP,20,0
2584,FGDNAHRPWCVFGSNSYLVY,20,0
2585,FGCS,4,0
2586,FGTVSSHNYVTCD,13,0
2587,FGIIMLG,7,0
2588,FGLVFVSNLWILGFSLLQAI,20,0
2589,FVRYHYCSFGWDNYGSVMYM,20,0
2590,FVMVVSAFMSFRE,13,1
2591,FVIWGLIDIVLMR,13,0
2592,FVRMVGEYFWPRQMEQDGER,20,0
2593,FVELPVMQVILVSLASHSVA,20,0
2594,FVVNFNMIRLLRDH,14,1
2595,FVVASQSWALVFVQAIRGSL,20,1
2596,FVYGCYNGLGMQWSMCLDDE,20,1
2597,FVTCCLNFGRYTLV,14,1
2598,FVRESFHGFAYSERFSQYIL,20,0
2599,FVMRVISIDVML,12,1
2600,FVINGYFYSNSLSLFLGTNS,20,1
2601,FVLFSVSINKSM,12,0
2602,FVGPLLNMYISTDLPVEVYL,20,0
2603,FV,2,1
2604,FVYSRSCGYFDSVFYSLCFF,20,1
2605,FVWRNRVYFFRQ,12,1
2606,FVCLLSYVCDLFLLPVPKHE,20,1
2607,FVCCS,5,0
2608,FVFYCSIIIFYDFRHGFFVP,20,0
2609,F,1,0
2610,F,1,0
2611,F,1,1
2612,FYNDVCVNRTVMCFNYNGNL,20,1
2613,FYNYVFY,7,1
2614,FYTFVSSTVIFNSLLMEKRN,20,1
2615,FYTFYCFMSSVIW,13,1
2616,FYSGMLSSSIMCSICSIDFG,20,1
2617,FYMTNLCYGQGYVICLDLHY,20,1
2618,FYQIRMCCGGHGSKFLKRSF,20,1
2619,FYLLFGNAVNIPAELNLFF,19,1
2620,FYARLEYYMTCWSNWGLMAL,20,0
2621,FYVTMTGPSRNEFGMNLLYM,20,1
2622,FYYVSKQLMVFSFTSSDMIE,20,1
2623,FYWYFFW,7,1
2624,FYCERLVRGLVAVPYYRVAD,20,0
2625,FYLYVLMCNSWVMGSSLYLH,20,0
2626,FYFPFNIFFSGSCVNFYKLI,20,1
2627,FYFAYFICFEMC,12,1
2628,FYFVS,5,0
2629,FSNSRRNAFCLDCFIIDCFL,20,1
2630,FSISVTNRSMGW,12,1
2631,FSERDVKDTTFCIIRGTWTV,20,0
2632,FSVTLMVVLMQGLSTWSLSS,20,1
2633,FSYCLETSIYMFN,13,0
2634,FSKISVLYSNLVCYDCELTN,20,1
2635,FSMMVQLKIEIRTSITYCWQ,20,1
2636,FS,2,1
2637,FSSMFNTIMDISYTKSQDLE,20,0
2638,FSSYSLKYICQFRF,14,0
2639,FWITYDVGESSHKKGYIFRY,20,0
2640,FWRFRRWFCCNLRVTMAR,18,0
2641,FWVGVLRYNFFS,12,1
2642,FWSSLIRCML,10,0
2643,FWSSVVGLKTYPIKIFFEYN,20,0
2644,FWLEVCLCLARDS,13,0
2645,FCKWMSF,7,1
2646,FCTIIATFRSYTFCVSNFNF,20,0
2647,FCSTSWYRVSIIAVLLCLNV,20,0
2648,FCSSSCNWIGVNYAVGN,17,1
2649,FCIRIDVNTTLWYSMSYFLR,20,0
2650,FCHSIMVEFRYSVVKRVTGF,20,1
2651,FCPR,4,0
2652,FCRRRSAKVWN,11,0
2653,FCLIF,5,0
2654,FCLSI,5,0
2655,FCEFYNKIYYMMRDCVFRCC,20,1
2656,FCYLFNTESQMYVFRLISS,19,0
2657,FCYFF,5,1
2658,FCSVYMRSF,9,1
2659,FCCIIRCNLWAYS,13,1
2660,FCCPKLESEQT,11,1
2661,FCCGYSLISRRMQPVGTGNH,20,0
2662,FCCYNCCLSSTGLQIVVPCM,20,1
2663,FCFTTALWFGIREL,14,0
2664,FCFVDYCRRKIVFAGS,16,0
2665,FCFWLAEGCNTGFHMINRGA,20,1
2666,FLNTLTYTIFASFRCNCL,18,1
2667,FLNSRVLMIGLVVQSNRGMS,20,1
2668,FLNAYDSIFLFGLW,14,1
2669,FLLRQYDY,8,0
2670,FLEPLIPDNFFSLSLRILIM,20,0
2671,FLAGKS,6,0
2672,FLVRLSQNCILCRLELMFWN,20,0
2673,FFNCFISCYLVVFYDISYVY,20,0
2674,FFNLLSNIQTGLVLWLKSSK,20,1
2675,FFTYIMFTYSI,11,0
2676,FFSGDWDMYCTCNSHHGQWI,20,1
2677,FFMTNVFIGQLSRFGVFDVM,20,1
2678,FFITNFSMLFGMPCKDL,17,1
2679,FFISWSCNEGLMVLNKLSFH,20,1
2680,FFIGYKVKGDICGNRSYFLR,20,1
2681,FFQTSCSSSKVFMYRNMESL,20,0
2682,FFL,3,0
2683,FFEGNGIMSLLLVNMNNSQ,19,1
2684,FFAIMSKLVTISSLNFLCWI,20,1
2685,FFVEKA,6,0
2686,FFYTKVLRDQECFVVDFYRL,20,1
2687,FFYDFGLFCFINT,13,1
2688,FFYAIFNVFKPSNSGQFNFD,20,1
2689,FFSNYLIFSLNRVFCFRDGS,20,1
2690,FFSYLGVICYVIIFPYSVLP,20,0
2691,FFCNRLSQLWYTGPTHMFDL,20,0
2692,FFFHVKVTGFCCCD,14,1
